key,cbs_Key,firstName,lastName,profileUrl,defaultAssetUrl,primaryPosition,compositeRating,compositeStarRating,compositeNationalRank,compositePositionRank,compositeStateRank,homeTown.city,homeTown.state,committedInstitution.institutionKey,committedInstitution.teamKey,committedInstitution.cbsKey,committedInstitution.name,committedInstitution.abbreviation,committedInstitution.fullName,signedInstitution.institutionKey,signedInstitution.teamKey,signedInstitution.cbsKey,signedInstitution.name,signedInstitution.abbreviation,signedInstitution.fullName,currentInstitution.institutionKey,currentInstitution.teamKey,currentInstitution.cbsKey,currentInstitution.name,currentInstitution.abbreviation,currentInstitution.fullName,committedInstitution,signedInstitution,homeTown
46136807,50015588,Chris,Cenac Jr.,/player/Chris-Cenac Jr.-46136807,/Uploads/Assets/788/343/13343788.jpg,C,99.80594619279795,5.0,6.0,1.0,1.0,Branson,MO,24051.0,90.0,21237.0,Houston,HOU,Houston Cougars,24051.0,90.0,21237.0,Houston,HOU,Houston Cougars,24051,90.0,21237.0,Houston,HOU,Houston Cougars,0.0,0.0,0.0
46129311,50026701,Brayden,Burries,/player/Brayden-Burries-46129311,/Uploads/Assets/541/933/13933541.jpg,CG,99.6470161582786,5.0,10.0,2.0,2.0,San Bernardino,CA,24087.0,147.0,21335.0,Arizona,ARIZ,Arizona Wildcats,24087.0,147.0,21335.0,Arizona,ARIZ,Arizona Wildcats,24087,147.0,21335.0,Arizona,ARIZ,Arizona Wildcats,0.0,0.0,0.0
46157743,0,Kuai,Deng,/player/Kuai-Deng-46157743,/Uploads/Assets/783/35/13035783.jpeg,PF,0.0,0.0,0.0,0.0,0.0,Hillside,NJ,0.0,0.0,0.0,0,0,0,0.0,0.0,0.0,0,0,0,23953,0.0,0.0,Howard College,0,Howard College,0.0,0.0,0.0
46134902,28906156,Malachi,Moreno,/player/Malachi-Moreno-46134902,/Uploads/Assets/396/340/13340396.jpg,C,99.10165746598433,5.0,25.0,2.0,1.0,Georgetown,KY,24101.0,175.0,21357.0,Kentucky,KY,Kentucky Wildcats,24101.0,175.0,21357.0,Kentucky,KY,Kentucky Wildcats,24101,175.0,21357.0,Kentucky,KY,Kentucky Wildcats,0.0,0.0,0.0
46118699,50014320,Chuck,Love III,/player/Chuck-Love III-46118699,/Uploads/Assets/204/360/13360204.jpg,SF,93.76085613356436,4.0,148.0,35.0,7.0,La Porte,IN,24338.0,528.0,21300.0,Loyola,LUC,Loyola Ramblers,24338.0,528.0,21300.0,Loyola,LUC,Loyola Ramblers,24338,528.0,21300.0,Loyola,LUC,Loyola Ramblers,0.0,0.0,0.0
46134501,28906137,Tounde,Yessoufou,/player/Tounde-Yessoufou-46134501,/Uploads/Assets/265/342/13342265.jpg,SF,98.0,5.0,1.0,1.0,1.0,Benin,BENI,24019.0,26.0,21201.0,Baylor,BAY,Baylor Bears,24019.0,26.0,21201.0,Baylor,BAY,Baylor Bears,24019,26.0,21201.0,Baylor,BAY,Baylor Bears,0.0,0.0,0.0
46118371,28906131,Amari,Allen,/player/Amari-Allen-46118371,/Uploads/Assets/401/910/13910401.jpg,SF,95.8414057568065,4.0,103.0,23.0,3.0,Green Bay,WI,24096.0,165.0,21352.0,Alabama,BAMA,Alabama Crimson Tide,24096.0,165.0,21352.0,Alabama,BAMA,Alabama Crimson Tide,24096,165.0,21352.0,Alabama,BAMA,Alabama Crimson Tide,0.0,0.0,0.0
46133264,28906173,Mikel,Brown Jr.,/player/Mikel-Brown Jr.-46133264,/Uploads/Assets/671/924/13924671.jpg,PG,99.69221367073646,5.0,8.0,1.0,3.0,Daytona Beach,FL,24033.0,54.0,21238.0,Louisville,LOU,Louisville Cardinals,24033.0,54.0,21238.0,Louisville,LOU,Louisville Cardinals,24033,54.0,21238.0,Louisville,LOU,Louisville Cardinals,0.0,0.0,0.0
46129297,28906155,Caleb,Wilson,/player/Caleb-Wilson-46129297,/Uploads/Assets/12/911/13911012.jpg,PF,99.80594619279796,5.0,5.0,3.0,1.0,Atlanta,GA,24014.0,16.0,21134.0,North Carolina,UNC,North Carolina Tar Heels,0.0,0.0,0.0,0,0,0,24014,16.0,21134.0,North Carolina,UNC,North Carolina Tar Heels,0.0,0.0,0.0
46146973,29332336,Keaton,Wagler,/player/Keaton-Wagler-46146973,/Uploads/Assets/986/910/13910986.jpg,SG,89.52387327086122,4.0,264.0,47.0,4.0,Shawnee,KS,24039.0,66.0,21190.0,Illinois,ILL,Illinois Fighting Illini,24039.0,66.0,21190.0,Illinois,ILL,Illinois Fighting Illini,24039,66.0,21190.0,Illinois,ILL,Illinois Fighting Illini,0.0,0.0,0.0
46128125,28906140,Darryn,Peterson,/player/Darryn-Peterson-46128125,/Uploads/Assets/908/910/13910908.jpg,CG,99.95483606667473,5.0,2.0,1.0,1.0,Napa,CA,24022.0,32.0,21204.0,Kansas,KAN,Kansas Jayhawks,24022.0,32.0,21204.0,Kansas,KAN,Kansas Jayhawks,24022,32.0,21204.0,Kansas,KAN,Kansas Jayhawks,0.0,0.0,0.0
46135817,50015591,Kingston,Flemings,/player/Kingston-Flemings-46135817,/Uploads/Assets/896/910/13910896.jpg,PG,99.33919624988248,5.0,16.0,3.0,1.0,San Antonio,TX,24051.0,90.0,21237.0,Houston,HOU,Houston Cougars,24051.0,90.0,21237.0,Houston,HOU,Houston Cougars,24051,90.0,21237.0,Houston,HOU,Houston Cougars,0.0,0.0,0.0
46118506,28906139,Cameron,Boozer,/player/Cameron-Boozer-46118506,/Uploads/Assets/425/335/13335425.jpg,PF,99.9280734980054,5.0,3.0,1.0,2.0,Miami,FL,24009.0,6.0,21130.0,Duke,DUKE,Duke Blue Devils,24009.0,6.0,21130.0,Duke,DUKE,Duke Blue Devils,24009,6.0,21130.0,Duke,DUKE,Duke Blue Devils,0.0,0.0,0.0
46134184,50027666,AJ,Dybantsa,/player/AJ-Dybantsa-46134184,/Uploads/Assets/851/910/13910851.jpg,SF,99.98995983935743,5.0,1.0,1.0,1.0,Brockton,MA,24079.0,478.0,21424.0,BYU,BYU,BYU Cougars,24079.0,478.0,21424.0,BYU,BYU,BYU Cougars,24079,478.0,21424.0,BYU,BYU,BYU Cougars,0.0,0.0,0.0
46137363,29017071,Nate,Ament,/player/Nate-Ament-46137363,/Uploads/Assets/770/340/13340770.jpg,PF,99.90631422009106,5.0,4.0,2.0,1.0,Warrenton,VA,24106.0,185.0,21362.0,Tennessee,TENN,Tennessee Volunteers,24106.0,185.0,21362.0,Tennessee,TENN,Tennessee Volunteers,24106,185.0,21362.0,Tennessee,TENN,Tennessee Volunteers,0.0,0.0,0.0
46141064,29106338,Darius,Acuff Jr.,/player/Darius-Acuff Jr.-46141064,/Uploads/Assets/701/333/13333701.jpg,PG,99.6386885333978,5.0,11.0,2.0,4.0,Bradenton,FL,24097.0,167.0,21353.0,Arkansas,ARK,Arkansas Razorbacks,24097.0,167.0,21353.0,Arkansas,ARK,Arkansas Razorbacks,24097,167.0,21353.0,Arkansas,ARK,Arkansas Razorbacks,0.0,0.0,0.0
46139425,50014291,Matt,Able,/player/Matt-Able-46139425,/Uploads/Assets/849/343/13343849.jpg,SG,94.0,4.0,24.0,3.0,2.0,Fort Lauderdale,FL,24015.0,18.0,21135.0,NC State,NCST,NC State Wolfpack,24015.0,18.0,21135.0,NC State,NCST,NC State Wolfpack,24015,18.0,21135.0,NC State,NCST,NC State Wolfpack,0.0,0.0,0.0
46098244,28953563,Melian,Martinez,/player/Melian-Martinez-46098244,/Uploads/Assets/321/662/13662321.jpeg,C,0.0,0.0,0.0,0.0,0.0,Cerritos,CA,0.0,0.0,0.0,0,0,0,0.0,0.0,0.0,0,0,0,24121,209.0,21400.0,Louisiana Tech,LTECH,Louisiana Tech Bulldogs,0.0,0.0,0.0
46143114,29151906,Courtland,Muldrew,/player/Courtland-Muldrew-46143114,/Uploads/Assets/169/344/13344169.jpg,SG,87.0,3.0,303.0,58.0,10.0,Mouth Of Wilson,VA,24094.0,161.0,21343.0,Washington,WASH,Washington Huskies,24094.0,161.0,21343.0,Washington,WASH,Washington Huskies,24094,161.0,21343.0,Washington,WASH,Washington Huskies,0.0,0.0,0.0
46158290,29713911,Christian,Beam,/player/Christian-Beam-46158290,/Uploads/Assets/461/697/13697461.jpeg,C,0.0,0.0,0.0,0.0,0.0,Wadley,AL,24332.0,515.0,21408.0,Georgia State,GSU,Georgia State Panthers,0.0,0.0,0.0,0,0,0,24332,515.0,21408.0,Georgia State,GSU,Georgia State Panthers,0.0,0.0,0.0
46137550,29024514,Jacari,Brim,/player/Jacari-Brim-46137550,/Uploads/Assets/171/691/13691171.jpeg,PG,0.0,0.0,0.0,0.0,0.0,Clemmons,NC,24224.0,477.0,21364.0,Appalachian State,APST,Appalachian State Mountaineers,0.0,0.0,0.0,0,0,0,24224,477.0,21364.0,Appalachian State,APST,Appalachian State Mountaineers,0.0,0.0,0.0
46165694,50025670,Ethan,Copeland,/player/Ethan-Copeland-46165694,/Uploads/Assets/634/660/13660634.jpeg,PG,0.0,0.0,0.0,0.0,0.0,American Fork,UT,0.0,0.0,0.0,0,0,0,0.0,0.0,0.0,0,0,0,24368,408.0,21413.0,Stetson,Stetson,Stetson Hatters,0.0,0.0,0.0
46165820,50026484,Dylan,Diaz,/player/Dylan-Diaz-46165820,/Uploads/Assets/212/673/13673212.jpeg,CG,0.0,0.0,0.0,0.0,0.0,Lake Minneola,FL,0.0,0.0,0.0,0,0,0,0.0,0.0,0.0,0,0,0,24112,193.0,21378.0,Louisiana-Monroe,ULM,Louisiana-Monroe Warhawks,0.0,0.0,0.0
46166498,0,Marley,Curtis,/player/Marley-Curtis-46166498,/Uploads/Assets/876/774/13774876.jpg,PF,0.0,0.0,0.0,0.0,0.0,Minneapolis,MN,0.0,0.0,0.0,0,0,0,0.0,0.0,0.0,0,0,0,24155,486.0,0.0,North Dakota,NDAK,North Dakota Fighting Hawks,0.0,0.0,0.0
46118692,50027260,Ashton,Magee,/player/Ashton-Magee-46118692,/Uploads/Assets/792/562/10562792.jpg,SF,87.33333333333334,3.0,323.0,62.0,3.0,Ellisville,MS,24248.0,625.0,21395.0,Southern,SU,Southern Jaguars,24248.0,625.0,21395.0,Southern,SU,Southern Jaguars,24248,625.0,21395.0,Southern,SU,Southern Jaguars,0.0,0.0,0.0
46152136,0,Didi,Zanguim,/player/Didi-Zanguim-46152136,/Uploads/Assets/536/885/13885536.jpeg,SF,0.0,0.0,0.0,0.0,0.0,Houston,TX,0.0,0.0,0.0,0,0,0,0.0,0.0,0.0,0,0,0,25188,0.0,0.0,Angelina College,0,Angelina College,0.0,0.0,0.0
46153669,0,Emmanuel,Manyoun,/player/Emmanuel-Manyoun-46153669,/Uploads/Assets/187/708/13708187.jpg,CG,0.0,0.0,0.0,0.0,0.0,Austin,MN,24404.0,501.0,21222.0,Pacific,UOP,Pacific Tigers,24404.0,501.0,21222.0,Pacific,UOP,Pacific Tigers,24404,501.0,21222.0,Pacific,UOP,Pacific Tigers,0.0,0.0,0.0
46166227,50014562,Timofei,Rudovskii,/player/Timofei-Rudovskii-46166227,/Uploads/Assets/334/714/13714334.jpg,SF,0.0,0.0,0.0,0.0,0.0,Russia,RUSS,0.0,0.0,0.0,0,0,0,0.0,0.0,0.0,0,0,0,24190,574.0,160870.0,Bryant,BRY,Bryant Bulldogs,0.0,0.0,0.0
46165716,0,Edwin,Suarez,/player/Edwin-Suarez-46165716,/Uploads/Assets/756/662/13662756.jpeg,SF,0.0,0.0,0.0,0.0,0.0,Puerto Rico,PUER,0.0,0.0,0.0,0,0,0,0.0,0.0,0.0,0,0,0,24134,425.0,21180.0,Weber State,WBST,Weber State Wildcats,0.0,0.0,0.0
46153358,50025674,Declan,Duru Jr.,/player/Declan-Duru Jr.-46153358,/Uploads/Assets/785/340/13340785.jpg,PF,95.12876254180603,4.0,117.0,25.0,6.0,Munich,BV,24028.0,44.0,21210.0,Texas,TEX,Texas Longhorns,24028.0,44.0,21210.0,Texas,TEX,Texas Longhorns,24028,44.0,21210.0,Texas,TEX,Texas Longhorns,0.0,0.0,0.0
46165968,50027009,Noah,Norgaard,/player/Noah-Norgaard-46165968,/Uploads/Assets/956/683/13683956.jpeg,CG,0.0,0.0,0.0,0.0,0.0,Denmark,DENM,0.0,0.0,0.0,0,0,0,0.0,0.0,0.0,0,0,0,24352,607.0,21372.0,UNC Greensboro,UNC Greensboro,UNC Greensboro Spartans,0.0,0.0,0.0
46166184,28952654,Joao,Das Chagas,/player/Joao-Das Chagas-46166184,/Uploads/Assets/868/706/13706868.jpeg,C,0.0,0.0,0.0,0.0,0.0,Brazil,BRAZ,0.0,0.0,0.0,0,0,0,0.0,0.0,0.0,0,0,0,24059,102.0,21234.0,UAB,UAB,UAB Blazers,0.0,0.0,0.0
46134967,28906142,Chris,Nwuli,/player/Chris-Nwuli-46134967,/Uploads/Assets/239/344/13344239.jpg,PF,86.0,3.0,399.0,83.0,8.0,Dallas,TX,24035.0,58.0,21167.0,Rutgers,RUTG,Rutgers Scarlet Knights,24035.0,58.0,21167.0,Rutgers,RUTG,Rutgers Scarlet Knights,24035,58.0,21167.0,Rutgers,RUTG,Rutgers Scarlet Knights,0.0,0.0,0.0
46160924,50025507,Dorin,Buca,/player/Dorin-Buca-46160924,/Uploads/Assets/962/345/13345962.jpg,C,88.0,3.0,241.0,37.0,6.0,Italy,ITAL,24023.0,34.0,21205.0,Kansas State,KSST,Kansas State Wildcats,0.0,0.0,0.0,0,0,0,24023,34.0,21205.0,Kansas State,KSST,Kansas State Wildcats,0.0,0.0,0.0
46157861,29708959,Timo,Malovec,/player/Timo-Malovec-46157861,/Uploads/Assets/131/344/13344131.png,SF,86.0,3.0,399.0,62.0,12.0,Slovakia,SLOV,24013.0,14.0,21163.0,Miami,MIA,Miami Hurricanes,24013.0,14.0,21163.0,Miami,MIA,Miami Hurricanes,24013,14.0,21163.0,Miami,MIA,Miami Hurricanes,0.0,0.0,0.0
46166531,50026700,David,Gomez,/player/David-Gomez-46166531,/Uploads/Assets/171/780/13780171.jpeg,PF,86.0,3.0,399.0,83.0,22.0,Spain,SPAI,0.0,0.0,0.0,0,0,0,0.0,0.0,0.0,0,0,0,24318,386.0,21241.0,Charlotte,CHAR,Charlotte 49ers,0.0,0.0,0.0
46158579,29723568,Antonio,Dorn,/player/Antonio-Dorn-46158579,/Uploads/Assets/630/356/13356630.jpg,C,87.0,3.0,303.0,46.0,12.0,Germany,GERM,24017.0,22.0,21148.0,Virginia Tech,VTECH,Virginia Tech Hokies,24017.0,22.0,21148.0,Virginia Tech,VTECH,Virginia Tech Hokies,24017,22.0,21148.0,Virginia Tech,VTECH,Virginia Tech Hokies,0.0,0.0,0.0
46142522,50014795,Vincent,Chaudhri,/player/Vincent-Chaudhri-46142522,/Uploads/Assets/732/769/13769732.jpeg,SF,85.0,3.0,454.0,75.0,8.0,Northfield,MA,0.0,0.0,0.0,0,0,0,0.0,0.0,0.0,0,0,0,24319,390.0,21141.0,George Washington,GW,George Washington Colonials,0.0,0.0,0.0
46166130,50025246,Xander,Pintelon,/player/Xander-Pintelon-46166130,/Uploads/Assets/777/697/13697777.jpg,C,86.0,3.0,399.0,58.0,12.0,Belgium,BELG,0.0,0.0,0.0,0,0,0,0.0,0.0,0.0,0,0,0,24110,444.0,21407.0,Florida Atlantic,FAU,Florida Atlantic Owls,0.0,0.0,0.0
46153465,29611530,Devin,Brown,/player/Devin-Brown-46153465,/Uploads/Assets/368/695/13695368.jpeg,SG,86.0,3.0,399.0,84.0,22.0,Lewis Center,OH,24216.0,608.0,21368.0,Davidson,DAV,Davidson Wildcats,24216.0,608.0,21368.0,Davidson,DAV,Davidson Wildcats,24216,608.0,21368.0,Davidson,DAV,Davidson Wildcats,0.0,0.0,0.0
46143745,29190333,Jackson,McVey,/player/Jackson-McVey-46143745,/Uploads/Assets/331/340/13340331.jpg,C,86.0,3.0,399.0,58.0,13.0,Atlanta,GA,24100.0,173.0,21356.0,Georgia,UGA,Georgia Bulldogs,24100.0,173.0,21356.0,Georgia,UGA,Georgia Bulldogs,24100,173.0,21356.0,Georgia,UGA,Georgia Bulldogs,0.0,0.0,0.0
46134969,0,Jacob,Wilkins,/player/Jacob-Wilkins-46134969,/Uploads/Assets/334/340/13340334.jpg,SF,90.0,4.0,144.0,21.0,6.0,Loganville,GA,24100.0,173.0,21356.0,Georgia,UGA,Georgia Bulldogs,24100.0,173.0,21356.0,Georgia,UGA,Georgia Bulldogs,24100,173.0,21356.0,Georgia,UGA,Georgia Bulldogs,0.0,0.0,0.0
46166131,50026719,Alon,Michaeli,/player/Alon-Michaeli-46166131,/Uploads/Assets/18/698/13698018.jpeg,PF,88.0,3.0,241.0,49.0,4.0,Israel,ISRA,24020.0,28.0,21202.0,Colorado,COL,Colorado Buffaloes,24020.0,28.0,21202.0,Colorado,COL,Colorado Buffaloes,24020,28.0,21202.0,Colorado,COL,Colorado Buffaloes,0.0,0.0,0.0
46166225,50026838,Rrezon,Elezaj,/player/Rrezon-Elezaj-46166225,/Uploads/Assets/289/714/13714289.jpg,C,0.0,0.0,0.0,0.0,0.0,Turkey,TURK,0.0,0.0,0.0,0,0,0,0.0,0.0,0.0,0,0,0,24032,52.0,21161.0,UConn,UCONN,UConn Huskies,0.0,0.0,0.0
46152180,0,Darren,Moore,/player/Darren-Moore-46152180,/Uploads/Assets/850/584/12584850.jpeg,PG,80.0,3.0,508.0,67.0,12.0,Potomac,MD,24036.0,60.0,21243.0,South Florida,USF,South Florida Bulls,24036.0,60.0,21243.0,South Florida,USF,South Florida Bulls,23938,0.0,0.0,Northfield Mount Hermon,0,Northfield Mount Hermon,0.0,0.0,0.0
46131333,28906177,Christian,Jones,/player/Christian-Jones-46131333,/Uploads/Assets/373/434/12434373.jpeg,PG,85.0,3.0,416.0,52.0,22.0,Phoenix,AZ,24386.0,547.0,21262.0,Siena,Siena,Siena Saints,0.0,0.0,0.0,0,0,0,24386,547.0,21262.0,Siena,Siena,Siena Saints,0.0,0.0,0.0
46134209,50027136,Dorian,Jones,/player/Dorian-Jones-46134209,/Uploads/Assets/80/344/13344080.jpg,SG,94.49640367490026,4.0,129.0,21.0,1.0,Cleveland,OH,24035.0,58.0,21167.0,Rutgers,RUTG,Rutgers Scarlet Knights,0.0,0.0,0.0,0,0,0,24035,58.0,21167.0,Rutgers,RUTG,Rutgers Scarlet Knights,0.0,0.0,0.0
46144101,29291328,Brandon,Lee,/player/Brandon-Lee-46144101,/Uploads/Assets/292/348/13348292.jpg,SG,87.0,3.0,303.0,58.0,10.0,Hillside,NJ,24039.0,66.0,21190.0,Illinois,ILL,Illinois Fighting Illini,24039.0,66.0,21190.0,Illinois,ILL,Illinois Fighting Illini,24039,66.0,21190.0,Illinois,ILL,Illinois Fighting Illini,0.0,0.0,0.0
46153448,29608332,Brady,Swartz,/player/Brady-Swartz-46153448,/Uploads/Assets/577/702/13702577.jpg,SG,0.0,0.0,0.0,0.0,0.0,Grand Rapids,MI,24077.0,131.0,21276.0,Western Michigan,WMU,Western Michigan Broncos,24077.0,131.0,21276.0,Western Michigan,WMU,Western Michigan Broncos,24077,131.0,21276.0,Western Michigan,WMU,Western Michigan Broncos,0.0,0.0,0.0
46166361,50027708,Musa,Sagnia,/player/Musa-Sagnia-46166361,/Uploads/Assets/741/743/13743741.jpeg,C,87.0,3.0,303.0,46.0,14.0,Gambia,GAMB,0.0,0.0,0.0,0,0,0,0.0,0.0,0.0,0,0,0,24015,18.0,21135.0,NC State,NCST,NC State Wolfpack,0.0,0.0,0.0
46166961,50014590,Jason,Kimbrough Jr.,/player/Jason-Kimbrough Jr.-46166961,/Uploads/Assets/856/844/13844856.jpg,PG,0.0,0.0,0.0,0.0,0.0,Phoenix,AZ,0.0,0.0,0.0,0,0,0,0.0,0.0,0.0,0,0,0,24067,450.0,21266.0,Bowling Green,BG,Bowling Green Falcons,0.0,0.0,0.0
46160285,50001309,Adria,Rodriguez,/player/Adria-Rodriguez-46160285,/Uploads/Assets/524/252/13252524.png,CG,0.0,0.0,0.0,0.0,0.0,Spain,SPAI,24095.0,163.0,21344.0,Washington State,WSU,Washington State Cougars,24095.0,163.0,21344.0,Washington State,WSU,Washington State Cougars,24095,163.0,21344.0,Washington State,WSU,Washington State Cougars,0.0,0.0,0.0
46154778,29666446,Keziah,Ekissi,/player/Keziah-Ekissi-46154778,/Uploads/Assets/615/360/13360615.jpg,PG,0.0,0.0,0.0,0.0,0.0,France,FRAN,24091.0,155.0,21339.0,Oregon State,ORST,Oregon State Beavers,24091.0,155.0,21339.0,Oregon State,ORST,Oregon State Beavers,24091,155.0,21339.0,Oregon State,ORST,Oregon State Beavers,0.0,0.0,0.0
46136409,29084736,Caleb,Steger,/player/Caleb-Steger-46136409,/Uploads/Assets/656/275/13275656.jpeg,SG,89.09103078982598,4.0,276.0,49.0,23.0,Dallas,TX,24007.0,2.0,21160.0,Boston College,BC,Boston College Eagles,24007.0,2.0,21160.0,Boston College,BC,Boston College Eagles,24007,2.0,21160.0,Boston College,BC,Boston College Eagles,0.0,0.0,0.0
46143445,0,Cy,Merrett,/player/Cy-Merrett-46143445,/Uploads/Assets/450/841/13841450.jpg,SG,0.0,0.0,0.0,0.0,0.0,New Orleans,LA,24056.0,96.0,21242.0,Southern Miss,SMISS,Southern Miss Golden Eagles,0.0,0.0,0.0,0,0,0,23658,0.0,0.0,Southwest Mississippi C.C.,SMCC,Southwest Mississippi C.C.,0.0,0.0,0.0
46134930,28906154,Akai,Fleming,/player/Akai-Fleming-46134930,/Uploads/Assets/702/343/13343702.jpg,SG,90.0,4.0,144.0,29.0,6.0,Atlanta,GA,24011.0,10.0,21132.0,Georgia Tech,GTECH,Georgia Tech Yellow Jackets,24011.0,10.0,21132.0,Georgia Tech,GTECH,Georgia Tech Yellow Jackets,24011,10.0,21132.0,Georgia Tech,GTECH,Georgia Tech Yellow Jackets,0.0,0.0,0.0
46165691,50025621,Xavier,Spencer,/player/Xavier-Spencer-46165691,/Uploads/Assets/586/660/13660586.jpeg,CG,0.0,0.0,0.0,0.0,0.0,Canada,CANA,0.0,0.0,0.0,0,0,0,0.0,0.0,0.0,0,0,0,25227,659.0,2101685.0,UMass Lowell,UML,UMass Lowell River Hawks,0.0,0.0,0.0
46166860,50014656,Peteris,Pinnis,/player/Peteris-Pinnis-46166860,/Uploads/Assets/661/835/13835661.jpg,C,0.0,0.0,0.0,0.0,0.0,Latvia,LATV,0.0,0.0,0.0,0,0,0,0.0,0.0,0.0,0,0,0,24308,413.0,21166.0,Providence,PROV,Providence Friars,0.0,0.0,0.0
46166491,28952129,Tanner,Hayhurst,/player/Tanner-Hayhurst-46166491,/Uploads/Assets/684/774/13774684.jpeg,SF,0.0,0.0,0.0,0.0,0.0,Eagle,ID,0.0,0.0,0.0,0,0,0,0.0,0.0,0.0,0,0,0,24157,487.0,21280.0,Southern Utah,SUT,Southern Utah Thunderbirds,0.0,0.0,0.0
46159021,50027146,Tiefing,Diawara,/player/Tiefing-Diawara-46159021,/Uploads/Assets/589/356/13356589.jpg,C,85.0,3.0,416.0,66.0,11.0,Delafield,WI,24037.0,62.0,21170.0,Syracuse,SYR,Syracuse Orange,0.0,0.0,0.0,0,0,0,24037,62.0,21170.0,Syracuse,SYR,Syracuse Orange,0.0,0.0,0.0
46154856,50014674,Sean,Blakely Drummond,/player/Sean-Blakely Drummond-46154856,/Uploads/Assets/689/880/12880689.png,SF,0.0,0.0,0.0,0.0,0.0,0,0,0.0,0.0,0.0,0,0,0,0.0,0.0,0.0,0,0,0,24350,644.0,21420.0,San Francisco,sanfran,San Francisco Dons,0.0,0.0,0.0
46166112,50025644,JJ,Massaquoi,/player/JJ-Massaquoi-46166112,/Uploads/Assets/65/696/13696065.jpeg,SG,0.0,0.0,0.0,0.0,0.0,Washington,DC,0.0,0.0,0.0,0,0,0,0.0,0.0,0.0,0,0,0,25227,659.0,2101685.0,UMass Lowell,UML,UMass Lowell River Hawks,0.0,0.0,0.0
46166524,28953386,Cameron,Wallace,/player/Cameron-Wallace-46166524,/Uploads/Assets/956/778/13778956.jpg,SF,0.0,0.0,0.0,0.0,0.0,Little Rock,AR,0.0,0.0,0.0,0,0,0,0.0,0.0,0.0,0,0,0,24735,447.0,21397.0,Little Rock,ARLR,Little Rock Trojans,0.0,0.0,0.0
46156270,50015038,Joah,Chappelle,/player/Joah-Chappelle-46156270,/Uploads/Assets/922/671/13671922.jpeg,PF,0.0,0.0,0.0,0.0,0.0,Hampton,GA,24332.0,515.0,21408.0,Georgia State,GSU,Georgia State Panthers,0.0,0.0,0.0,0,0,0,24332,515.0,21408.0,Georgia State,GSU,Georgia State Panthers,0.0,0.0,0.0
46165834,50014960,Christian,Harmon,/player/Christian-Harmon-46165834,/Uploads/Assets/981/673/13673981.jpeg,SG,90.0,4.0,144.0,29.0,3.0,Akron,OH,0.0,0.0,0.0,0,0,0,0.0,0.0,0.0,0,0,0,24108,189.0,21398.0,Arkansas State,ARST,Arkansas State Red Wolves,0.0,0.0,0.0
46166302,50014439,Andrej,Acimovic,/player/Andrej-Acimovic-46166302,/Uploads/Assets/243/731/13731243.jpeg,C,0.0,0.0,0.0,0.0,0.0,Bosnia,BOSN,0.0,0.0,0.0,0,0,0,0.0,0.0,0.0,0,0,0,24040,68.0,21191.0,Indiana,IND,Indiana Hoosiers,0.0,0.0,0.0
46165684,50028698,Nick,Jones,/player/Nick-Jones-46165684,/Uploads/Assets/557/659/13659557.jpeg,PG,0.0,0.0,0.0,0.0,0.0,Parkville,MD,0.0,0.0,0.0,0,0,0,0.0,0.0,0.0,0,0,0,24197,573.0,21322.0,Wagner,WAG,Wagner Seahawks,0.0,0.0,0.0
46165724,50014074,Davante,Hackett,/player/Davante-Hackett-46165724,/Uploads/Assets/207/663/13663207.jpeg,CG,0.0,0.0,0.0,0.0,0.0,Canada,CANA,0.0,0.0,0.0,0,0,0,0.0,0.0,0.0,0,0,0,24852,2146.0,26633120.0,Stonehill,0,Stonehill Skyhawks,0.0,0.0,0.0
46166122,50027702,Andre,Pasha,/player/Andre-Pasha-46166122,/Uploads/Assets/979/696/13696979.jpg,PF,0.0,0.0,0.0,0.0,0.0,Syracuse,NY,0.0,0.0,0.0,0,0,0,0.0,0.0,0.0,0,0,0,24533,2528.0,26632956.0,New Haven,New Haven,New Haven Chargers,0.0,0.0,0.0
46151239,50014321,Matthew,Zobrist,/player/Matthew-Zobrist-46151239,/Uploads/Assets/283/731/13731283.jpeg,CG,0.0,0.0,0.0,0.0,0.0,Metamora,IL,24342.0,555.0,21304.0,Bradley,Bradley,Bradley Braves,0.0,0.0,0.0,0,0,0,24342,555.0,21304.0,Bradley,Bradley,Bradley Braves,0.0,0.0,0.0
46125423,0,Christian,Humphrey-Rembert,/player/Christian-Humphrey-Rembert-46125423,/Uploads/Assets/727/662/13662727.jpeg,PF,84.0,3.0,440.0,97.0,6.0,Oakdale,CT,24163.0,534.0,21246.0,Brown,BRWN,Brown Bears,0.0,0.0,0.0,0,0,0,24212,597.0,21349.0,Lafayette,LAF,Lafayette Leopards,0.0,0.0,0.0
46144110,29404201,Justin,Houser,/player/Justin-Houser-46144110,/Uploads/Assets/655/358/13358655.jpg,C,87.5194109772423,3.0,316.0,57.0,9.0,Malvern,PA,24047.0,82.0,21198.0,Penn State,PSU,Penn State Nittany Lions,24047.0,82.0,21198.0,Penn State,PSU,Penn State Nittany Lions,24047,82.0,21198.0,Penn State,PSU,Penn State Nittany Lions,0.0,0.0,0.0
46158732,29726078,Denis,Badalau,/player/Denis-Badalau-46158732,/Uploads/Assets/632/358/13358632.jpg,SF,91.0,4.0,214.0,47.0,34.0,Romania,ROMA,24035.0,58.0,21167.0,Rutgers,RUTG,Rutgers Scarlet Knights,0.0,0.0,0.0,0,0,0,24035,58.0,21167.0,Rutgers,RUTG,Rutgers Scarlet Knights,0.0,0.0,0.0
46166188,50015489,Matas,Deniusas,/player/Matas-Deniusas-46166188,/Uploads/Assets/232/707/13707232.png,PF,0.0,0.0,0.0,0.0,0.0,Lithuania,LITH,24206.0,588.0,21332.0,UT Martin,UTM,UT Martin Skyhawks,0.0,0.0,0.0,0,0,0,24206,588.0,21332.0,UT Martin,UTM,UT Martin Skyhawks,0.0,0.0,0.0
46143713,29189111,Jacobe,Whitted,/player/Jacobe-Whitted-46143713,/Uploads/Assets/309/750/13750309.jpeg,SF,86.0,3.0,372.0,76.0,5.0,McCalla,AL,24205.0,594.0,21334.0,Tennessee Tech,TTCH,Tennessee Tech Golden Eagles,0.0,0.0,0.0,0,0,0,24205,594.0,21334.0,Tennessee Tech,TTCH,Tennessee Tech Golden Eagles,0.0,0.0,0.0
46133387,28906162,Curtis,Stinson Jr.,/player/Curtis-Stinson Jr.-46133387,/Uploads/Assets/279/703/13703279.jpeg,PG,89.22791164658635,4.0,272.0,29.0,5.0,Hudson,OH,24114.0,197.0,21221.0,North Texas,NTEX,North Texas Mean Green,0.0,0.0,0.0,0,0,0,24114,197.0,21221.0,North Texas,NTEX,North Texas Mean Green,0.0,0.0,0.0
46157951,29711119,Corey,Caulker,/player/Corey-Caulker-46157951,/Uploads/Assets/344/687/13687344.jpeg,PG,0.0,0.0,0.0,0.0,0.0,Cocoa,FL,24050.0,88.0,21226.0,East Carolina,ECU,East Carolina Pirates,0.0,0.0,0.0,0,0,0,24050,88.0,21226.0,East Carolina,ECU,East Carolina Pirates,0.0,0.0,0.0
46128579,0,Melvin,Bell,/player/Melvin-Bell-46128579,/Uploads/Assets/711/740/13740711.jpeg,SG,89.41633199464525,4.0,266.0,48.0,8.0,La Porte,IN,24124.0,213.0,21432.0,San Jose State,SJSU,San Jose State Spartans,24124.0,213.0,21432.0,San Jose State,SJSU,San Jose State Spartans,24124,213.0,21432.0,San Jose State,SJSU,San Jose State Spartans,0.0,0.0,0.0
46159784,50027755,Ege,Demir,/player/Ege-Demir-46159784,/Uploads/Assets/340/348/13348340.jpg,C,0.0,0.0,0.0,0.0,0.0,Nigeria,NIGE,24090.0,153.0,21338.0,Oregon,ORE,Oregon Ducks,24090.0,153.0,21338.0,Oregon,ORE,Oregon Ducks,24090,153.0,21338.0,Oregon,ORE,Oregon Ducks,0.0,0.0,0.0
46166200,50026799,Efe,Vatan,/player/Efe-Vatan-46166200,/Uploads/Assets/917/707/13707917.jpeg,PF,0.0,0.0,0.0,0.0,0.0,Turkey,TURK,0.0,0.0,0.0,0,0,0,0.0,0.0,0.0,0,0,0,24090,153.0,21338.0,Oregon,ORE,Oregon Ducks,0.0,0.0,0.0
46159089,29732772,Salih,Altuntas,/player/Salih-Altuntas-46159089,/Uploads/Assets/132/344/13344132.png,C,89.0,3.0,278.0,46.0,41.0,Turkey,TURK,24013.0,14.0,21163.0,Miami,MIA,Miami Hurricanes,24013.0,14.0,21163.0,Miami,MIA,Miami Hurricanes,24013,14.0,21163.0,Miami,MIA,Miami Hurricanes,0.0,0.0,0.0
46144027,50014632,Jayden,Forsythe,/player/Jayden-Forsythe-46144027,/Uploads/Assets/228/344/13344228.jpg,SF,91.68628583453098,4.0,199.0,45.0,4.0,Norristown,PA,24038.0,64.0,21172.0,West Virginia,WVU,West Virginia Mountaineers,24038.0,64.0,21172.0,West Virginia,WVU,West Virginia Mountaineers,24038,64.0,21172.0,West Virginia,WVU,West Virginia Mountaineers,0.0,0.0,0.0
46134856,28906123,Kaden,Magwood,/player/Kaden-Magwood-46134856,/Uploads/Assets/33/334/13334033.jpg,CG,97.61292662287948,5.0,60.0,10.0,1.0,Charlotte,NC,24098.0,169.0,21354.0,Auburn,AUB,Auburn Tigers,24098.0,169.0,21354.0,Auburn,AUB,Auburn Tigers,24098,169.0,21354.0,Auburn,AUB,Auburn Tigers,0.0,0.0,0.0
46136535,29008025,Jake,Hansen,/player/Jake-Hansen-46136535,/Uploads/Assets/582/340/13340582.jpg,SG,80.0,3.0,508.0,91.0,13.0,Milwaukee,WI,24026.0,40.0,21208.0,Oklahoma,OKLA,Oklahoma Sooners,0.0,0.0,0.0,0,0,0,24026,40.0,21208.0,Oklahoma,OKLA,Oklahoma Sooners,0.0,0.0,0.0
46153423,29608344,Nico,Onyekwere,/player/Nico-Onyekwere-46153423,/Uploads/Assets/14/362/13362014.jpeg,C,84.0,3.0,440.0,72.0,9.0,Glen Head,NY,24152.0,416.0,21171.0,Villanova,NOVA,Villanova Wildcats,0.0,0.0,0.0,0,0,0,24152,416.0,21171.0,Villanova,NOVA,Villanova Wildcats,0.0,0.0,0.0
46147581,29407974,Isaiah,Medina,/player/Isaiah-Medina-46147581,/Uploads/Assets/310/344/13344310.jpg,C,95.48965091133766,4.0,112.0,18.0,21.0,St. Petersburg,FL,24329.0,410.0,21236.0,DePaul,DePaul,DePaul Blue Demons,24329.0,410.0,21236.0,DePaul,DePaul,DePaul Blue Demons,24329,410.0,21236.0,DePaul,DePaul,DePaul Blue Demons,0.0,0.0,0.0
46117754,28906220,Jack,McCaffery,/player/Jack-McCaffery-46117754,/Uploads/Assets/289/344/13344289.jpg,PF,93.63869524922433,4.0,152.0,34.0,2.0,Iowa City,IA,24214.0,483.0,21296.0,Butler,BUT,Butler Bulldogs,24214.0,483.0,21296.0,Butler,BUT,Butler Bulldogs,24214,483.0,21296.0,Butler,BUT,Butler Bulldogs,0.0,0.0,0.0
46165873,50015468,Lateef,Patrick,/player/Lateef-Patrick-46165873,/Uploads/Assets/671/675/13675671.jpeg,SG,0.0,0.0,0.0,0.0,0.0,Milton,MA,0.0,0.0,0.0,0,0,0,0.0,0.0,0.0,0,0,0,24239,614.0,21383.0,Stephen F. Austin,SFA,Stephen F. Austin Lumberjacks,0.0,0.0,0.0
46166121,50014084,Thiago,Sucatzky,/player/Thiago-Sucatzky-46166121,/Uploads/Assets/929/696/13696929.jpg,PG,0.0,0.0,0.0,0.0,0.0,Argentina,ARGE,0.0,0.0,0.0,0,0,0,0.0,0.0,0.0,0,0,0,24109,442.0,21399.0,FIU,FIU,FIU Panthers,0.0,0.0,0.0
46148938,0,Hunter,Carter,/player/Hunter-Carter-46148938,/Uploads/Assets/101/699/13699101.jpeg,PG,86.0,3.0,372.0,45.0,2.0,Portland,OR,24119.0,1538.0,0.0,Hawaii,HAW,Hawaii Rainbow Warriors,0.0,0.0,0.0,0,0,0,24119,1538.0,0.0,Hawaii,HAW,Hawaii Rainbow Warriors,0.0,0.0,0.0
46144976,50014470,Uzziah,Buntyn,/player/Uzziah-Buntyn-46144976,/Uploads/Assets/627/660/13660627.jpeg,PG,0.0,0.0,0.0,0.0,0.0,Round Rock,TX,24156.0,640.0,161009.0,South Dakota,SDAK,South Dakota Coyotes,0.0,0.0,0.0,0,0,0,24156,640.0,161009.0,South Dakota,SDAK,South Dakota Coyotes,0.0,0.0,0.0
46136636,29008017,Kellen,Hampton,/player/Kellen-Hampton-46136636,/Uploads/Assets/344/755/13755344.jpg,SF,87.22222222222223,3.0,325.0,63.0,27.0,Hayward,CA,24404.0,501.0,21222.0,Pacific,UOP,Pacific Tigers,24404.0,501.0,21222.0,Pacific,UOP,Pacific Tigers,24404,501.0,21222.0,Pacific,UOP,Pacific Tigers,0.0,0.0,0.0
46140024,50014205,Easton,Hupp,/player/Easton-Hupp-46140024,/Uploads/Assets/25/736/13736025.jpg,SG,0.0,0.0,0.0,0.0,0.0,Argyle,TX,24135.0,1037.0,21182.0,Charleston Southern,CHST,Charleston Southern Buccaneers,24135.0,1037.0,21182.0,Charleston Southern,CHST,Charleston Southern Buccaneers,24135,1037.0,21182.0,Charleston Southern,CHST,Charleston Southern Buccaneers,0.0,0.0,0.0
46166043,50014704,Mark,Lavrenov,/player/Mark-Lavrenov-46166043,/Uploads/Assets/851/689/13689851.jpeg,PF,0.0,0.0,0.0,0.0,0.0,Rocklin,CA,0.0,0.0,0.0,0,0,0,0.0,0.0,0.0,0,0,0,24133,424.0,21179.0,Sacramento State,SACS,Sacramento State Hornets,0.0,0.0,0.0
46166033,26777636,IJ,Ezuma,/player/IJ-Ezuma-46166033,/Uploads/Assets/413/689/13689413.jpeg,PF,0.0,0.0,0.0,0.0,0.0,Chatham,VA,0.0,0.0,0.0,0,0,0,0.0,0.0,0.0,0,0,0,24056,96.0,21242.0,Southern Miss,SMISS,Southern Miss Golden Eagles,0.0,0.0,0.0
46142609,50014057,Elijah,Flowers,/player/Elijah-Flowers-46142609,/Uploads/Assets/690/707/13707690.jpg,PF,0.0,0.0,0.0,0.0,0.0,McLean,VA,0.0,0.0,0.0,0,0,0,0.0,0.0,0.0,0,0,0,24160,520.0,21230.0,Old Dominion,ODU,Old Dominion Monarchs,0.0,0.0,0.0
46134550,50014081,Aleks,Alston,/player/Aleks-Alston-46134550,/Uploads/Assets/38/359/13359038.jpg,PF,94.38834602624544,4.0,130.0,27.0,1.0,Chicago,IL,24012.0,12.0,21133.0,Maryland,MARY,Maryland Terrapins,24012.0,12.0,21133.0,Maryland,MARY,Maryland Terrapins,24012,12.0,21133.0,Maryland,MARY,Maryland Terrapins,0.0,0.0,0.0
46166770,0,Davaughn,Hueitt,/player/Davaughn-Hueitt-46166770,/Uploads/Assets/16/828/13828016.jpg,SF,0.0,0.0,0.0,0.0,0.0,Chula Vista,CA,29008.0,1345.0,0.0,Hannibal-LaGrange,HLG,Hannibal-LaGrange Trojans,29008.0,1345.0,0.0,Hannibal-LaGrange,HLG,Hannibal-LaGrange Trojans,29008,1345.0,0.0,Hannibal-LaGrange,HLG,Hannibal-LaGrange Trojans,0.0,0.0,0.0
46158819,50014197,Mouhamed,Camara,/player/Mouhamed-Camara-46158819,/Uploads/Assets/96/344/13344096.jpg,PF,90.0,4.0,248.0,57.0,37.0,South Africa,SOUT,24033.0,54.0,21238.0,Louisville,LOU,Louisville Cardinals,24033.0,54.0,21238.0,Louisville,LOU,Louisville Cardinals,24033,54.0,21238.0,Louisville,LOU,Louisville Cardinals,0.0,0.0,0.0
46144249,50014328,Brendan,Oliver,/player/Brendan-Oliver-46144249,/Uploads/Assets/193/817/13817193.jpg,SG,0.0,0.0,0.0,0.0,0.0,Livingston,NJ,0.0,0.0,0.0,0,0,0,0.0,0.0,0.0,0,0,0,24379,1099.0,21254.0,Canisius,Canisius,Canisius Golden Griffins,0.0,0.0,0.0
46166752,50025657,Quadri,Bashiru,/player/Quadri-Bashiru-46166752,/Uploads/Assets/176/817/13817176.jpg,PF,0.0,0.0,0.0,0.0,0.0,Nigeria,NIGE,0.0,0.0,0.0,0,0,0,0.0,0.0,0.0,0,0,0,25045,493.0,160946.0,Longwood,LONG,Longwood Lancers,0.0,0.0,0.0
46125422,0,BJ,Davis-Ray,/player/BJ-Davis-Ray-46125422,/Uploads/Assets/194/346/13346194.jpg,SF,84.0,3.0,476.0,83.0,22.0,San Juan Capistrano,CA,24055.0,427.0,21433.0,SMU,SMU,SMU Mustangs,24055.0,427.0,21433.0,SMU,SMU,SMU Mustangs,24055,427.0,21433.0,SMU,SMU,SMU Mustangs,0.0,0.0,0.0
46148182,29608335,JJ,Kelly,/player/JJ-Kelly-46148182,/Uploads/Assets/530/702/13702530.jpg,SG,0.0,0.0,0.0,0.0,0.0,Chambersburg,PA,24074.0,126.0,21274.0,Ohio,OHIO,Ohio Bobcats,24074.0,126.0,21274.0,Ohio,OHIO,Ohio Bobcats,24074,126.0,21274.0,Ohio,OHIO,Ohio Bobcats,0.0,0.0,0.0
46146131,50009080,Sheek,Pearson,/player/Sheek-Pearson-46146131,/Uploads/Assets/224/344/13344224.jpg,PF,97.24754088819044,5.0,71.0,15.0,6.0,St. Louis,MO,24315.0,412.0,21239.0,Marquette,Marquette,Marquette Golden Eagles,0.0,0.0,0.0,0,0,0,24315,412.0,21239.0,Marquette,Marquette,Marquette Golden Eagles,0.0,0.0,0.0
46148461,29355711,Micah,Tucker,/player/Micah-Tucker-46148461,/Uploads/Assets/683/666/13666683.jpeg,PG,90.04016064257029,4.0,246.0,26.0,12.0,Atlanta,GA,24332.0,515.0,21408.0,Georgia State,GSU,Georgia State Panthers,24332.0,515.0,21408.0,Georgia State,GSU,Georgia State Panthers,24332,515.0,21408.0,Georgia State,GSU,Georgia State Panthers,0.0,0.0,0.0
46162404,50035045,Abdullah,Ahmed,/player/Abdullah-Ahmed-46162404,/Uploads/Assets/902/726/13726902.jpeg,C,87.0,3.0,303.0,46.0,8.0,Egypt,EGYP,24079.0,478.0,21424.0,BYU,BYU,BYU Cougars,24079.0,478.0,21424.0,BYU,BYU,BYU Cougars,24079,478.0,21424.0,BYU,BYU,BYU Cougars,0.0,0.0,0.0
46142512,50015083,Devin,Brown,/player/Devin-Brown-46142512,/Uploads/Assets/682/815/13815682.jpg,PF,86.5,3.0,363.0,78.0,9.0,Milwaukee,WI,24136.0,497.0,21183.0,Coastal Carolina,COCA,Coastal Carolina Chanticleers,0.0,0.0,0.0,0,0,0,24136,497.0,21183.0,Coastal Carolina,COCA,Coastal Carolina Chanticleers,0.0,0.0,0.0
46158161,29713236,Clarence,Massamba,/player/Clarence-Massamba-46158161,/Uploads/Assets/774/340/13340774.jpg,CG,92.0,4.0,183.0,23.0,25.0,France,FRAN,24106.0,185.0,21362.0,Tennessee,TENN,Tennessee Volunteers,24106.0,185.0,21362.0,Tennessee,TENN,Tennessee Volunteers,24106,185.0,21362.0,Tennessee,TENN,Tennessee Volunteers,0.0,0.0,0.0
46165410,50025578,Tylik,Weeks,/player/Tylik-Weeks-46165410,/Uploads/Assets/266/627/13627266.jpeg,PF,89.0,3.0,184.0,38.0,2.0,Brooklyn,NY,0.0,0.0,0.0,0,0,0,0.0,0.0,0.0,0,0,0,24056,96.0,21242.0,Southern Miss,SMISS,Southern Miss Golden Eagles,0.0,0.0,0.0
46118214,28906143,Davion,Hannah,/player/Davion-Hannah-46118214,/Uploads/Assets/230/757/13757230.jpg,SG,87.0,3.0,303.0,58.0,11.0,Branson,MO,24096.0,165.0,21352.0,Alabama,BAMA,Alabama Crimson Tide,24096.0,165.0,21352.0,Alabama,BAMA,Alabama Crimson Tide,24096,165.0,21352.0,Alabama,BAMA,Alabama Crimson Tide,0.0,0.0,0.0
46143093,50015411,Aiden,Argabright,/player/Aiden-Argabright-46143093,/Uploads/Assets/821/673/13673821.jpeg,CG,92.08835341365462,4.0,180.0,22.0,7.0,Alexandria,VA,24150.0,394.0,21231.0,Richmond,RICH,Richmond Spiders,0.0,0.0,0.0,0,0,0,24150,394.0,21231.0,Richmond,RICH,Richmond Spiders,0.0,0.0,0.0
46166317,50014638,Dom,Aekins,/player/Dom-Aekins-46166317,/Uploads/Assets/785/734/13734785.jpg,PG,0.0,0.0,0.0,0.0,0.0,Columbus,OH,0.0,0.0,0.0,0,0,0,0.0,0.0,0.0,0,0,0,24192,388.0,21139.0,Duquesne,DUQ,Duquesne Dukes,0.0,0.0,0.0
46144047,29253913,Dwayne,Aristode,/player/Dwayne-Aristode-46144047,/Uploads/Assets/179/342/13342179.jpg,SF,92.0,4.0,72.0,12.0,2.0,Netherlands,NETH,24087.0,147.0,21335.0,Arizona,ARIZ,Arizona Wildcats,24087.0,147.0,21335.0,Arizona,ARIZ,Arizona Wildcats,24087,147.0,21335.0,Arizona,ARIZ,Arizona Wildcats,0.0,0.0,0.0
46165705,29233941,Preist,Ryan,/player/Preist-Ryan-46165705,/Uploads/Assets/350/661/13661350.jpeg,SF,0.0,0.0,0.0,0.0,0.0,Pennsburg,PA,0.0,0.0,0.0,0,0,0,0.0,0.0,0.0,0,0,0,24335,529.0,21297.0,Cleveland State,Cleveland State,Cleveland State Vikings,0.0,0.0,0.0
46153438,50014484,Dre,Kindell,/player/Dre-Kindell-46153438,/Uploads/Assets/807/697/13697807.jpg,PG,0.0,0.0,0.0,0.0,0.0,Fort Lauderdale,FL,24345.0,550.0,21313.0,Wichita State,Wichita State,Wichita State Shockers,24345.0,550.0,21313.0,Wichita State,Wichita State,Wichita State Shockers,24345,550.0,21313.0,Wichita State,Wichita State,Wichita State Shockers,0.0,0.0,0.0
46158071,29712469,Brent,Moss,/player/Brent-Moss-46158071,/Uploads/Assets/879/697/13697879.jpg,SG,0.0,0.0,0.0,0.0,0.0,Lima,OH,24391.0,521.0,21385.0,UTSA,UTSA,UTSA Roadrunners,24391.0,521.0,21385.0,UTSA,UTSA,UTSA Roadrunners,24391,521.0,21385.0,UTSA,UTSA,UTSA Roadrunners,0.0,0.0,0.0
46136951,50025637,Kaidon,Rayfield,/player/Kaidon-Rayfield-46136951,/Uploads/Assets/74/771/13771074.jpg,PF,87.55555555555556,3.0,313.0,71.0,16.0,Oklahoma City,OK,24391.0,521.0,21385.0,UTSA,UTSA,UTSA Roadrunners,24391.0,521.0,21385.0,UTSA,UTSA,UTSA Roadrunners,28574,0.0,0.0,PHHoenix Prep,0,PHHoenix Prep,0.0,0.0,0.0
46134886,0,Eric,Chatfield,/player/Eric-Chatfield-46134886,/Uploads/Assets/699/343/13343699.jpg,PG,89.80522088353413,4.0,256.0,27.0,13.0,Atlanta,GA,24011.0,10.0,21132.0,Georgia Tech,GTECH,Georgia Tech Yellow Jackets,24011.0,10.0,21132.0,Georgia Tech,GTECH,Georgia Tech Yellow Jackets,24011,10.0,21132.0,Georgia Tech,GTECH,Georgia Tech Yellow Jackets,0.0,0.0,0.0
46150026,29379894,Josiah,Parker,/player/Josiah-Parker-46150026,/Uploads/Assets/190/360/13360190.jpg,PF,92.0,4.0,72.0,12.0,1.0,Charlotte,NC,24110.0,444.0,21407.0,Florida Atlantic,FAU,Florida Atlantic Owls,0.0,0.0,0.0,0,0,0,24110,444.0,21407.0,Florida Atlantic,FAU,Florida Atlantic Owls,0.0,0.0,0.0
46142608,50014913,Louis,Bond,/player/Louis-Bond-46142608,/Uploads/Assets/755/740/13740755.jpg,SF,0.0,0.0,0.0,0.0,0.0,Los Angeles,CA,24127.0,418.0,21174.0,Idaho State,IDST,Idaho State Bengals,24127.0,418.0,21174.0,Idaho State,IDST,Idaho State Bengals,24127,418.0,21174.0,Idaho State,IDST,Idaho State Bengals,0.0,0.0,0.0
46166110,50025577,Felipe,Patino,/player/Felipe-Patino-46166110,/Uploads/Assets/993/695/13695993.jpeg,SG,0.0,0.0,0.0,0.0,0.0,Mississauga,ON,0.0,0.0,0.0,0,0,0,0.0,0.0,0.0,0,0,0,24056,96.0,21242.0,Southern Miss,SMISS,Southern Miss Golden Eagles,0.0,0.0,0.0
46135790,28920532,EJ,Walker,/player/EJ-Walker-46135790,/Uploads/Assets/701/340/13340701.jpg,PF,82.0,3.0,489.0,104.0,16.0,Erlanger,KY,24105.0,183.0,21361.0,South Carolina,SCAR,South Carolina Gamecocks,24105.0,183.0,21361.0,South Carolina,SCAR,South Carolina Gamecocks,24105,183.0,21361.0,South Carolina,SCAR,South Carolina Gamecocks,0.0,0.0,0.0
46125437,0,Jimma,James,/player/Jimma-James-46125437,/Uploads/Assets/310/713/13713310.jpg,SG,84.27777777777777,3.0,345.0,76.0,2.0,Huntington,WV,28836.0,2148.0,0.0,Queens,0,Queens Royals,28836.0,2148.0,0.0,Queens,0,Queens Royals,28836,2148.0,0.0,Queens,0,Queens Royals,0.0,0.0,0.0
46151782,50014567,Kieran,Mullen,/player/Kieran-Mullen-46151782,/Uploads/Assets/173/346/13346173.jpg,C,84.0,3.0,440.0,72.0,1.0,North Vancouver,BC,24034.0,56.0,21165.0,Pittsburgh,PITT,Pittsburgh Panthers,0.0,0.0,0.0,0,0,0,24034,56.0,21165.0,Pittsburgh,PITT,Pittsburgh Panthers,0.0,0.0,0.0
46158850,29728775,Buddy,Hammer Jr.,/player/Buddy-Hammer Jr.-46158850,/Uploads/Assets/383/809/13809383.jpg,SF,0.0,0.0,0.0,0.0,0.0,Westville,OK,24114.0,197.0,21221.0,North Texas,NTEX,North Texas Mean Green,0.0,0.0,0.0,0,0,0,24114,197.0,21221.0,North Texas,NTEX,North Texas Mean Green,0.0,0.0,0.0
46166675,50014125,Aleksa,Vlajic,/player/Aleksa-Vlajic-46166675,/Uploads/Assets/372/809/13809372.jpg,PF,0.0,0.0,0.0,0.0,0.0,Serbia,SERB,0.0,0.0,0.0,0,0,0,0.0,0.0,0.0,0,0,0,24068,117.0,21267.0,Buffalo,BUF,Buffalo Bulls,0.0,0.0,0.0
46157376,29712654,Thomas,Bassong,/player/Thomas-Bassong-46157376,/Uploads/Assets/672/343/13343672.jpg,SF,88.0,3.0,241.0,38.0,7.0,France,FRAN,24010.0,8.0,21131.0,Florida State,FSU,Florida State Seminoles,24010.0,8.0,21131.0,Florida State,FSU,Florida State Seminoles,24010,8.0,21131.0,Florida State,FSU,Florida State Seminoles,0.0,0.0,0.0
46127781,28906202,Darius,Adams,/player/Darius-Adams-46127781,/Uploads/Assets/886/343/13343886.jpg,CG,91.0,4.0,104.0,16.0,1.0,La Porte,IN,24012.0,12.0,21133.0,Maryland,MARY,Maryland Terrapins,24012.0,12.0,21133.0,Maryland,MARY,Maryland Terrapins,24012,12.0,21133.0,Maryland,MARY,Maryland Terrapins,0.0,0.0,0.0
46140014,50014597,Corbin,Allen,/player/Corbin-Allen-46140014,/Uploads/Assets/546/344/13344546.jpg,SG,84.0,3.0,440.0,75.0,17.0,Kansas City,MO,24022.0,32.0,21204.0,Kansas,KAN,Kansas Jayhawks,24022.0,32.0,21204.0,Kansas,KAN,Kansas Jayhawks,24022,32.0,21204.0,Kansas,KAN,Kansas Jayhawks,0.0,0.0,0.0
46117607,50026506,Bryce,Cofield,/player/Bryce-Cofield-46117607,/Uploads/Assets/256/719/13719256.jpg,SF,85.0,3.0,454.0,75.0,39.0,Chatsworth,CA,24373.0,507.0,21216.0,Cal State Fullerton,Cal State Fullerton,Cal State Fullerton Titans,0.0,0.0,0.0,0,0,0,24373,507.0,21216.0,Cal State Fullerton,Cal State Fullerton,Cal State Fullerton Titans,0.0,0.0,0.0
46161253,50028219,Marko,Radunovic,/player/Marko-Radunovic-46161253,/Uploads/Assets/438/706/13706438.jpg,SF,0.0,0.0,0.0,0.0,0.0,Montenegro,MONN,24007.0,2.0,21160.0,Boston College,BC,Boston College Eagles,24007.0,2.0,21160.0,Boston College,BC,Boston College Eagles,24007,2.0,21160.0,Boston College,BC,Boston College Eagles,0.0,0.0,0.0
46144189,50024042,Sharod,Barnes,/player/Sharod-Barnes-46144189,/Uploads/Assets/583/702/13702583.jpg,SG,82.0,3.0,486.0,85.0,7.0,Orchard Lake,MI,24077.0,131.0,21276.0,Western Michigan,WMU,Western Michigan Broncos,24077.0,131.0,21276.0,Western Michigan,WMU,Western Michigan Broncos,24077,131.0,21276.0,Western Michigan,WMU,Western Michigan Broncos,0.0,0.0,0.0
46159870,50028218,Massamba,Diop,/player/Massamba-Diop-46159870,/Uploads/Assets/772/703/13703772.jpeg,C,98.0,5.0,1.0,1.0,1.0,Senegal,SENE,24088.0,149.0,21336.0,Arizona State,AZST,Arizona State Sun Devils,0.0,0.0,0.0,0,0,0,24088,149.0,21336.0,Arizona State,AZST,Arizona State Sun Devils,0.0,0.0,0.0
46152578,29595323,Carson,Vis,/player/Carson-Vis-46152578,/Uploads/Assets/601/702/13702601.jpg,CG,0.0,0.0,0.0,0.0,0.0,Grand Rapids,MI,24077.0,131.0,21276.0,Western Michigan,WMU,Western Michigan Broncos,24077.0,131.0,21276.0,Western Michigan,WMU,Western Michigan Broncos,24077,131.0,21276.0,Western Michigan,WMU,Western Michigan Broncos,0.0,0.0,0.0
46142542,29132486,Douglas,Langford,/player/Douglas-Langford-46142542,/Uploads/Assets/71/707/13707071.jpg,C,85.0,3.0,416.0,66.0,33.0,Belize,BELI,24124.0,213.0,21432.0,San Jose State,SJSU,San Jose State Spartans,24124.0,213.0,21432.0,San Jose State,SJSU,San Jose State Spartans,24124,213.0,21432.0,San Jose State,SJSU,San Jose State Spartans,0.0,0.0,0.0
46166647,0,Isaac,Finlinson,/player/Isaac-Finlinson-46166647,/Uploads/Assets/419/802/13802419.jpeg,PF,0.0,0.0,0.0,0.0,0.0,St. George,UT,0.0,0.0,0.0,0,0,0,0.0,0.0,0.0,0,0,0,24119,1538.0,0.0,Hawaii,HAW,Hawaii Rainbow Warriors,0.0,0.0,0.0
46159886,29756167,Matija,Samar,/player/Matija-Samar-46159886,/Uploads/Assets/616/360/13360616.jpg,SG,0.0,0.0,0.0,0.0,0.0,Slovenia,SLOV,24091.0,155.0,21339.0,Oregon State,ORST,Oregon State Beavers,24091.0,155.0,21339.0,Oregon State,ORST,Oregon State Beavers,24091,155.0,21339.0,Oregon State,ORST,Oregon State Beavers,0.0,0.0,0.0
46166476,50014144,Evan,Boisdur,/player/Evan-Boisdur-46166476,/Uploads/Assets/987/770/13770987.jpeg,CG,0.0,0.0,0.0,0.0,0.0,France,FRAN,0.0,0.0,0.0,0,0,0,0.0,0.0,0.0,0,0,0,25241,1036.0,160925.0,Grand Canyon,GCU,Grand Canyon Antelopes,0.0,0.0,0.0
46142776,50026495,KJ,Garris,/player/KJ-Garris-46142776,/Uploads/Assets/597/783/13783597.jpg,CG,0.0,0.0,0.0,0.0,0.0,Loganville,GA,24373.0,507.0,21216.0,Cal State Fullerton,Cal State Fullerton,Cal State Fullerton Titans,0.0,0.0,0.0,0,0,0,24373,507.0,21216.0,Cal State Fullerton,Cal State Fullerton,Cal State Fullerton Titans,0.0,0.0,0.0
46166129,50014461,Aleksa,Ristic,/player/Aleksa-Ristic-46166129,/Uploads/Assets/713/697/13697713.jpeg,CG,0.0,0.0,0.0,0.0,0.0,Serbia,SERB,0.0,0.0,0.0,0,0,0,0.0,0.0,0.0,0,0,0,24040,68.0,21191.0,Indiana,IND,Indiana Hoosiers,0.0,0.0,0.0
46165859,50014023,Meechie,White,/player/Meechie-White-46165859,/Uploads/Assets/209/675/13675209.jpeg,CG,0.0,0.0,0.0,0.0,0.0,Louisville,KY,0.0,0.0,0.0,0,0,0,0.0,0.0,0.0,0,0,0,24199,586.0,21326.0,Eastern Illinois,EILL,Eastern Illinois Panthers,0.0,0.0,0.0
46166135,50014237,Avery,Thomas II,/player/Avery-Thomas II-46166135,/Uploads/Assets/270/698/13698270.jpg,PF,0.0,0.0,0.0,0.0,0.0,Terry,MS,0.0,0.0,0.0,0,0,0,0.0,0.0,0.0,0,0,0,24121,209.0,21400.0,Louisiana Tech,LTECH,Louisiana Tech Bulldogs,0.0,0.0,0.0
46141693,50040116,KJ,Perry,/player/KJ-Perry-46141693,/Uploads/Assets/850/707/13707850.jpeg,CG,90.0,4.0,248.0,1.0,1.0,Castaic,CA,24079.0,478.0,21424.0,BYU,BYU,BYU Cougars,24079.0,478.0,21424.0,BYU,BYU,BYU Cougars,24079,478.0,21424.0,BYU,BYU,BYU Cougars,0.0,0.0,0.0
46148842,50025649,Keshawn,Fisher,/player/Keshawn-Fisher-46148842,/Uploads/Assets/660/800/13800660.jpg,SF,85.0,3.0,416.0,86.0,21.0,Atlanta,GA,24336.0,523.0,21298.0,Detroit Mercy,UDM,Detroit Mercy Titans,0.0,0.0,0.0,0,0,0,24336,523.0,21298.0,Detroit Mercy,UDM,Detroit Mercy Titans,0.0,0.0,0.0
46144108,29330585,Onyx,Nnani,/player/Onyx-Nnani-46144108,/Uploads/Assets/883/692/13692883.jpg,PF,90.36010709504687,4.0,240.0,54.0,6.0,Malvern,PA,24036.0,60.0,21243.0,South Florida,USF,South Florida Bulls,0.0,0.0,0.0,0,0,0,24036,60.0,21243.0,South Florida,USF,South Florida Bulls,0.0,0.0,0.0
46135103,28906150,Omari,Moore,/player/Omari-Moore-46135103,/Uploads/Assets/895/797/13797895.jpeg,PG,86.97222222222221,3.0,354.0,42.0,8.0,Plainfield,NJ,24383.0,545.0,21258.0,Manhattan,Manhattan,Manhattan Jaspers,0.0,0.0,0.0,0,0,0,24383,545.0,21258.0,Manhattan,Manhattan,Manhattan Jaspers,0.0,0.0,0.0
46151215,50014348,Francis,Folefac,/player/Francis-Folefac-46151215,/Uploads/Assets/25/672/13672025.jpeg,SF,89.0,3.0,184.0,28.0,8.0,Lanham,MD,24386.0,547.0,21262.0,Siena,Siena,Siena Saints,0.0,0.0,0.0,0,0,0,24386,547.0,21262.0,Siena,Siena,Siena Saints,0.0,0.0,0.0
46135260,50014922,Hudson,Mayes,/player/Hudson-Mayes-46135260,/Uploads/Assets/420/684/13684420.jpeg,SG,84.0,3.0,440.0,75.0,35.0,Redondo Beach,CA,28659.0,1324.0,161083.0,UC San Diego,UCSD,UC San Diego Tritons,0.0,0.0,0.0,0,0,0,28659,1324.0,161083.0,UC San Diego,UCSD,UC San Diego Tritons,0.0,0.0,0.0
46150017,50014622,DJ,Thomas,/player/DJ-Thomas-46150017,/Uploads/Assets/390/346/13346390.jpg,PF,88.0,3.0,241.0,49.0,1.0,Allen,TX,24038.0,64.0,21172.0,West Virginia,WVU,West Virginia Mountaineers,24038.0,64.0,21172.0,West Virginia,WVU,West Virginia Mountaineers,24038,64.0,21172.0,West Virginia,WVU,West Virginia Mountaineers,0.0,0.0,0.0
46166446,50015035,Emondrek,Erkins-Ford,/player/Emondrek-Erkins-Ford-46166446,/Uploads/Assets/469/765/13765469.jpg,PF,0.0,0.0,0.0,0.0,0.0,Chicago,IL,0.0,0.0,0.0,0,0,0,0.0,0.0,0.0,0,0,0,24201,592.0,21409.0,Jacksonville State,JST,Jacksonville State Gamecocks,0.0,0.0,0.0
46136809,29403104,Cade,Bennerman,/player/Cade-Bennerman-46136809,/Uploads/Assets/163/360/13360163.jpg,C,88.0,3.0,241.0,49.0,8.0,Nashville,TN,24045.0,78.0,21196.0,Northwestern,NWEST,Northwestern Wildcats,24045.0,78.0,21196.0,Northwestern,NWEST,Northwestern Wildcats,24045,78.0,21196.0,Northwestern,NWEST,Northwestern Wildcats,0.0,0.0,0.0
46166286,50027668,Aleksej,Kostic,/player/Aleksej-Kostic-46166286,/Uploads/Assets/252/730/13730252.jpg,SG,87.0,3.0,303.0,58.0,8.0,Austria,AUST,0.0,0.0,0.0,0,0,0,0.0,0.0,0.0,0,0,0,24079,478.0,21424.0,BYU,BYU,BYU Cougars,0.0,0.0,0.0
46117641,28954085,Antonio,Chol,/player/Antonio-Chol-46117641,/Uploads/Assets/553/725/13725553.jpeg,PF,87.0,3.0,303.0,62.0,2.0,Buffalo,NY,24035.0,58.0,21167.0,Rutgers,RUTG,Rutgers Scarlet Knights,0.0,0.0,0.0,0,0,0,24081,138.0,21429.0,New Mexico,UNM,New Mexico Lobos,0.0,0.0,0.0
46158195,50014218,Vito,Perkovic,/player/Vito-Perkovic-46158195,/Uploads/Assets/760/697/13697760.jpg,PF,0.0,0.0,0.0,0.0,0.0,Croatia,CROA,24050.0,88.0,21226.0,East Carolina,ECU,East Carolina Pirates,0.0,0.0,0.0,0,0,0,24050,88.0,21226.0,East Carolina,ECU,East Carolina Pirates,0.0,0.0,0.0
46128043,50014207,Jerry,Easter II,/player/Jerry-Easter II-46128043,/Uploads/Assets/15/344/13344015.jpg,CG,87.0,3.0,303.0,58.0,31.0,Branson,MO,24257.0,215.0,21342.0,USC,USC,USC Trojans,24257.0,215.0,21342.0,USC,USC,USC Trojans,24257,215.0,21342.0,USC,USC,USC Trojans,0.0,0.0,0.0
46153218,29601757,Jacob,Furphy,/player/Jacob-Furphy-46153218,/Uploads/Assets/162/344/13344162.jpg,SF,87.0,3.0,303.0,58.0,4.0,Australia,AUST,24032.0,52.0,21161.0,UConn,UCONN,UConn Huskies,24032.0,52.0,21161.0,UConn,UCONN,UConn Huskies,24032,52.0,21161.0,UConn,UCONN,UConn Huskies,0.0,0.0,0.0
46115493,0,Brandon,Stores,/player/Brandon-Stores-46115493,/Uploads/Assets/703/343/13343703.jpg,SF,89.50100401606426,4.0,265.0,56.0,5.0,Bronx,NY,24011.0,10.0,21132.0,Georgia Tech,GTECH,Georgia Tech Yellow Jackets,24011.0,10.0,21132.0,Georgia Tech,GTECH,Georgia Tech Yellow Jackets,24011,10.0,21132.0,Georgia Tech,GTECH,Georgia Tech Yellow Jackets,0.0,0.0,0.0
46142900,50015069,Joshua,Lewis,/player/Joshua-Lewis-46142900,/Uploads/Assets/43/344/13344043.jpg,SF,97.83041866462506,5.0,54.0,13.0,14.0,Tampa,FL,24111.0,191.0,21402.0,Louisiana,LA,Louisiana Ragin' Cajuns,0.0,0.0,0.0,0,0,0,24111,191.0,21402.0,Louisiana,LA,Louisiana Ragin' Cajuns,0.0,0.0,0.0
46152757,29595314,Aaron,Womack,/player/Aaron-Womack-46152757,/Uploads/Assets/588/356/13356588.jpg,SF,86.85185185185185,3.0,356.0,71.0,8.0,Milwaukee,WI,24037.0,62.0,21170.0,Syracuse,SYR,Syracuse Orange,24037.0,62.0,21170.0,Syracuse,SYR,Syracuse Orange,24037,62.0,21170.0,Syracuse,SYR,Syracuse Orange,0.0,0.0,0.0
46144325,29713912,Chol,Machot,/player/Chol-Machot-46144325,/Uploads/Assets/262/662/13662262.jpeg,C,90.0,4.0,144.0,18.0,2.0,Winston Salem,NC,24353.0,1065.0,21367.0,College of Charleston,CofC,College of Charleston Cougars,0.0,0.0,0.0,0,0,0,24353,1065.0,21367.0,College of Charleston,CofC,College of Charleston Cougars,0.0,0.0,0.0
46153489,29613111,Noah,Bendinger,/player/Noah-Bendinger-46153489,/Uploads/Assets/64/370/13370064.jpg,CG,0.0,0.0,0.0,0.0,0.0,Draper,UT,24117.0,203.0,21213.0,Boise State,BOISE,Boise State Broncos,24117.0,203.0,21213.0,Boise State,BOISE,Boise State Broncos,24117,203.0,21213.0,Boise State,BOISE,Boise State Broncos,0.0,0.0,0.0
46159449,29739022,Oskar,Giltay,/player/Oskar-Giltay-46159449,/Uploads/Assets/229/348/13348229.jpg,C,89.0,3.0,184.0,29.0,17.0,Belgium,BELG,24092.0,157.0,21340.0,Stanford,STAN,Stanford Cardinal,24092.0,157.0,21340.0,Stanford,STAN,Stanford Cardinal,24092,157.0,21340.0,Stanford,STAN,Stanford Cardinal,0.0,0.0,0.0
46166550,50028533,Dorian,Grosber,/player/Dorian-Grosber-46166550,/Uploads/Assets/602/783/13783602.jpeg,SF,0.0,0.0,0.0,0.0,0.0,Luxembourg,LUXE,0.0,0.0,0.0,0,0,0,0.0,0.0,0.0,0,0,0,24369,488.0,21189.0,High Point,High Point,High Point Panthers,0.0,0.0,0.0
46166548,0,Noah,Mendy,/player/Noah-Mendy-46166548,/Uploads/Assets/579/783/13783579.jpg,SG,0.0,0.0,0.0,0.0,0.0,France,FRAN,24109.0,442.0,21399.0,FIU,FIU,FIU Panthers,24109.0,442.0,21399.0,FIU,FIU,FIU Panthers,25218,0.0,0.0,Daytona State College,0,Daytona State College,0.0,0.0,0.0
46149895,50014644,Ashton,Walker,/player/Ashton-Walker-46149895,/Uploads/Assets/668/660/13660668.jpeg,PG,84.0,3.0,440.0,54.0,17.0,Virginia Beach,VA,24371.0,490.0,21186.0,Radford,Radford,Radford Highlanders,0.0,0.0,0.0,0,0,0,24320,391.0,21142.0,La Salle,La Salle,La Salle Explorers,0.0,0.0,0.0
46134299,28906371,Jaden,Nickens,/player/Jaden-Nickens-46134299,/Uploads/Assets/982/190/13190982.jpg,SF,0.0,0.0,0.0,0.0,0.0,Chatsworth,CA,0.0,0.0,0.0,0,0,0,0.0,0.0,0.0,0,0,0,24022,32.0,21204.0,Kansas,KAN,Kansas Jayhawks,0.0,0.0,0.0
46136521,50014477,Nas,Hart,/player/Nas-Hart-46136521,/Uploads/Assets/620/660/13660620.jpeg,PF,90.98694779116465,4.0,218.0,50.0,4.0,Neptune,NJ,24320.0,391.0,21142.0,La Salle,La Salle,La Salle Explorers,24320.0,391.0,21142.0,La Salle,La Salle,La Salle Explorers,24320,391.0,21142.0,La Salle,La Salle,La Salle Explorers,0.0,0.0,0.0
46138106,29164942,Ty,Virgil,/player/Ty-Virgil-46138106,/Uploads/Assets/8/751/13751008.jpeg,CG,87.0,3.0,333.0,37.0,18.0,Phoenix,AZ,24347.0,645.0,21417.0,Pepperdine,Pepperdine,Pepperdine Waves,24347.0,645.0,21417.0,Pepperdine,Pepperdine,Pepperdine Waves,24347,645.0,21417.0,Pepperdine,Pepperdine,Pepperdine Waves,0.0,0.0,0.0
46085797,29233902,DJ,Dudley,/player/DJ-Dudley-46085797,/Uploads/Assets/716/675/13675716.jpeg,PG,87.29629629629629,3.0,239.0,40.0,26.0,Los Angeles,CA,0.0,0.0,0.0,0,0,0,0.0,0.0,0.0,0,0,0,24121,209.0,21400.0,Louisiana Tech,LTECH,Louisiana Tech Bulldogs,0.0,0.0,0.0
46139378,29291324,Aiden,Disu,/player/Aiden-Disu-46139378,/Uploads/Assets/44/780/13780044.jpeg,PF,85.18518518518518,3.0,415.0,92.0,42.0,Austin,TX,24211.0,601.0,21348.0,Holy Cross,HC,Holy Cross Crusaders,0.0,0.0,0.0,0,0,0,24211,601.0,21348.0,Holy Cross,HC,Holy Cross Crusaders,0.0,0.0,0.0
46158582,29723566,Andrija,Grbovic,/player/Andrija-Grbovic-46158582,/Uploads/Assets/848/769/13769848.jpg,PF,90.0,4.0,144.0,33.0,3.0,Donji Kokoti,TGD,24088.0,149.0,21336.0,Arizona State,AZST,Arizona State Sun Devils,0.0,0.0,0.0,0,0,0,24088,149.0,21336.0,Arizona State,AZST,Arizona State Sun Devils,0.0,0.0,0.0
46125781,50014787,Demarco,Johnson,/player/Demarco-Johnson-46125781,/Uploads/Assets/886/679/13679886.jpeg,PG,90.535140562249,4.0,233.0,24.0,10.0,Mouth Of Wilson,VA,0.0,0.0,0.0,0,0,0,0.0,0.0,0.0,0,0,0,24227,603.0,21188.0,Elon,ELON,Elon Phoenix,0.0,0.0,0.0
46166026,50024101,Adam,Harakow,/player/Adam-Harakow-46166026,/Uploads/Assets/277/688/13688277.jpeg,SF,0.0,0.0,0.0,0.0,0.0,Canada,CANA,0.0,0.0,0.0,0,0,0,0.0,0.0,0.0,0,0,0,24086,431.0,21438.0,Wyoming,WYO,Wyoming Cowboys,0.0,0.0,0.0
46150744,29385611,Gavin,Sykes,/player/Gavin-Sykes-46150744,/Uploads/Assets/435/662/13662435.jpeg,SF,89.0,3.0,184.0,25.0,17.0,Modesto,CA,24376.0,500.0,21218.0,Long Beach State,Long Beach State,Long Beach State 49ers,0.0,0.0,0.0,0,0,0,24376,500.0,21218.0,Long Beach State,Long Beach State,Long Beach State 49ers,0.0,0.0,0.0
46137619,0,John,Laboy,/player/John-Laboy-46137619,/Uploads/Assets/141/344/13344141.png,PG,84.0,3.0,440.0,54.0,46.0,Houston,TX,24013.0,14.0,21163.0,Miami,MIA,Miami Hurricanes,24013.0,14.0,21163.0,Miami,MIA,Miami Hurricanes,24013,14.0,21163.0,Miami,MIA,Miami Hurricanes,0.0,0.0,0.0
46152212,29595343,Abdul,Bashir,/player/Abdul-Bashir-46152212,/Uploads/Assets/29/334/13334029.jpg,SF,91.0,4.0,214.0,1.0,1.0,Casper,WY,24098.0,169.0,21354.0,Auburn,AUB,Auburn Tigers,24098.0,169.0,21354.0,Auburn,AUB,Auburn Tigers,24098,169.0,21354.0,Auburn,AUB,Auburn Tigers,0.0,0.0,0.0
46136543,29078424,Jalen,Reece,/player/Jalen-Reece-46136543,/Uploads/Assets/430/340/13340430.jpg,PG,91.0,4.0,104.0,20.0,5.0,Orlando,FL,24102.0,177.0,21358.0,LSU,LSU,LSU Tigers,24102.0,177.0,21358.0,LSU,LSU,LSU Tigers,24102,177.0,21358.0,LSU,LSU,LSU Tigers,0.0,0.0,0.0
46128268,50014085,Jordan,Lowery,/player/Jordan-Lowery-46128268,/Uploads/Assets/942/696/13696942.jpg,PG,87.13888888888889,3.0,329.0,38.0,30.0,Denton,TX,24390.0,649.0,21386.0,UT-Arlington,Texas-Arlington,UT-Arlington Mavericks,0.0,0.0,0.0,0,0,0,24390,649.0,21386.0,UT-Arlington,Texas-Arlington,UT-Arlington Mavericks,0.0,0.0,0.0
46144037,29336390,Ryder,Frost,/player/Ryder-Frost-46144037,/Uploads/Assets/168/344/13344168.jpg,SF,86.0,3.0,399.0,62.0,10.0,Exeter,NH,24064.0,110.0,21164.0,Notre Dame,ND,Notre Dame Fighting Irish,24064.0,110.0,21164.0,Notre Dame,ND,Notre Dame Fighting Irish,24064,110.0,21164.0,Notre Dame,ND,Notre Dame Fighting Irish,0.0,0.0,0.0
46143262,29708960,Kendyl,Sanders,/player/Kendyl-Sanders-46143262,/Uploads/Assets/328/346/13346328.jpg,SF,86.0,3.0,399.0,83.0,14.0,Bradenton,FL,24085.0,145.0,21437.0,Utah,UTAH,Utah Utes,0.0,0.0,0.0,0,0,0,24085,145.0,21437.0,Utah,UTAH,Utah Utes,0.0,0.0,0.0
46153449,29608331,Evan,Chatman,/player/Evan-Chatman-46153449,/Uploads/Assets/5/661/13661005.jpeg,PF,87.0,3.0,303.0,62.0,11.0,Harker Heights,TX,24059.0,102.0,21234.0,UAB,UAB,UAB Blazers,24059.0,102.0,21234.0,UAB,UAB,UAB Blazers,24059,102.0,21234.0,UAB,UAB,UAB Blazers,0.0,0.0,0.0
46165696,50014550,Jon,Carroll,/player/Jon-Carroll-46165696,/Uploads/Assets/888/660/13660888.jpeg,PF,0.0,0.0,0.0,0.0,0.0,Marietta,GA,0.0,0.0,0.0,0,0,0,0.0,0.0,0.0,0,0,0,24490,593.0,21329.0,Morehead State,MHST,Morehead State Eagles,0.0,0.0,0.0
46133820,50014505,Keyshuan,Tillery,/player/Keyshuan-Tillery-46133820,/Uploads/Assets/30/344/13344030.jpg,PG,89.0,3.0,184.0,35.0,12.0,New Hampton,NH,24031.0,50.0,21235.0,Cincinnati,CIN,Cincinnati Bearcats,24031.0,50.0,21235.0,Cincinnati,CIN,Cincinnati Bearcats,24031,50.0,21235.0,Cincinnati,CIN,Cincinnati Bearcats,0.0,0.0,0.0
46166497,0,Micah,Curtis,/player/Micah-Curtis-46166497,/Uploads/Assets/863/774/13774863.jpg,PF,0.0,0.0,0.0,0.0,0.0,Minneapolis,MN,0.0,0.0,0.0,0,0,0,0.0,0.0,0.0,0,0,0,24155,486.0,0.0,North Dakota,NDAK,North Dakota Fighting Hawks,0.0,0.0,0.0
46154143,50014744,Emeka,Opurum,/player/Emeka-Opurum-46154143,/Uploads/Assets/35/334/13334035.jpg,C,89.0,3.0,278.0,1.0,1.0,El Dorado,KS,24098.0,169.0,21354.0,Auburn,AUB,Auburn Tigers,24098.0,169.0,21354.0,Auburn,AUB,Auburn Tigers,24098,169.0,21354.0,Auburn,AUB,Auburn Tigers,0.0,0.0,0.0
46143261,29715485,Paul,Mbiya,/player/Paul-Mbiya-46143261,/Uploads/Assets/549/344/13344549.jpg,C,92.0,4.0,183.0,31.0,25.0,Congo,CONG,24022.0,32.0,21204.0,Kansas,KAN,Kansas Jayhawks,24022.0,32.0,21204.0,Kansas,KAN,Kansas Jayhawks,24022,32.0,21204.0,Kansas,KAN,Kansas Jayhawks,0.0,0.0,0.0
46127616,28906204,Montana,Wheeler,/player/Montana-Wheeler-46127616,/Uploads/Assets/456/774/13774456.jpg,PG,86.0,3.0,399.0,68.0,14.0,Houston,TX,0.0,0.0,0.0,0,0,0,0.0,0.0,0.0,0,0,0,24342,555.0,21304.0,Bradley,Bradley,Bradley Braves,0.0,0.0,0.0
46166190,50026483,Krystian,Lewis,/player/Krystian-Lewis-46166190,/Uploads/Assets/332/707/13707332.jpg,SG,87.0,3.0,303.0,58.0,12.0,Monroe,LA,0.0,0.0,0.0,0,0,0,0.0,0.0,0.0,0,0,0,24112,193.0,21378.0,Louisiana-Monroe,ULM,Louisiana-Monroe Warhawks,0.0,0.0,0.0
46166487,50014580,Blake,Fagbemi,/player/Blake-Fagbemi-46166487,/Uploads/Assets/440/772/13772440.png,CG,0.0,0.0,0.0,0.0,0.0,Lisle,IL,24039.0,66.0,21190.0,Illinois,ILL,Illinois Fighting Illini,24039.0,66.0,21190.0,Illinois,ILL,Illinois Fighting Illini,24039,66.0,21190.0,Illinois,ILL,Illinois Fighting Illini,0.0,0.0,0.0
46142566,29133009,Dillan,Shaw,/player/Dillan-Shaw-46142566,/Uploads/Assets/119/344/13344119.jpg,SF,91.0,4.0,104.0,17.0,12.0,Northridge,CA,24349.0,480.0,21422.0,Saint Mary's,SMC,Saint Mary's Gaels,24349.0,480.0,21422.0,Saint Mary's,SMC,Saint Mary's Gaels,24349,480.0,21422.0,Saint Mary's,SMC,Saint Mary's Gaels,0.0,0.0,0.0
46152399,29595326,Andreas,Holst,/player/Andreas-Holst-46152399,/Uploads/Assets/469/360/13360469.jpg,C,0.0,0.0,0.0,0.0,0.0,Denmark,DENM,24026.0,40.0,21208.0,Oklahoma,OKLA,Oklahoma Sooners,24026.0,40.0,21208.0,Oklahoma,OKLA,Oklahoma Sooners,24026,40.0,21208.0,Oklahoma,OKLA,Oklahoma Sooners,0.0,0.0,0.0
46149086,0,Jarne,Eyenga,/player/Jarne-Eyenga-46149086,/Uploads/Assets/808/695/13695808.jpeg,C,0.0,0.0,0.0,0.0,0.0,San Juan Capistrano,CA,24318.0,386.0,21241.0,Charlotte,CHAR,Charlotte 49ers,24318.0,386.0,21241.0,Charlotte,CHAR,Charlotte 49ers,24318,386.0,21241.0,Charlotte,CHAR,Charlotte 49ers,0.0,0.0,0.0
46142573,29133007,Semetri,Carr,/player/Semetri-Carr-46142573,/Uploads/Assets/751/276/13276751.jpg,PG,89.11479250334672,4.0,275.0,30.0,23.0,San Francisco,CA,24089.0,151.0,21337.0,California,CAL,California Golden Bears,24089.0,151.0,21337.0,California,CAL,California Golden Bears,24089,151.0,21337.0,California,CAL,California Golden Bears,0.0,0.0,0.0
46141225,50014116,Niko,Bundalo,/player/Niko-Bundalo-46141225,/Uploads/Assets/625/340/13340625.jpg,PF,98.79051322346241,5.0,31.0,6.0,10.0,Napa,CA,24103.0,179.0,21359.0,Ole Miss,MISS,Ole Miss Rebels,24103.0,179.0,21359.0,Ole Miss,MISS,Ole Miss Rebels,24103,179.0,21359.0,Ole Miss,MISS,Ole Miss Rebels,0.0,0.0,0.0
46134553,29007989,Sebastian,Williams-Adams,/player/Sebastian-Williams-Adams-46134553,/Uploads/Assets/38/334/13334038.jpg,PF,94.0,4.0,24.0,8.0,2.0,Houston,TX,24098.0,169.0,21354.0,Auburn,AUB,Auburn Tigers,24098.0,169.0,21354.0,Auburn,AUB,Auburn Tigers,24098,169.0,21354.0,Auburn,AUB,Auburn Tigers,0.0,0.0,0.0
46153394,50014949,Josh,Dalton,/player/Josh-Dalton-46153394,/Uploads/Assets/933/749/13749933.jpg,PF,0.0,0.0,0.0,0.0,0.0,Napa,CA,24346.0,647.0,21416.0,Loyola Marymount,LMU,Loyola Marymount Lions,24346.0,647.0,21416.0,Loyola Marymount,LMU,Loyola Marymount Lions,24346,647.0,21416.0,Loyola Marymount,LMU,Loyola Marymount Lions,0.0,0.0,0.0
46166187,50027270,Dylan,Ducommun,/player/Dylan-Ducommun-46166187,/Uploads/Assets/47/707/13707047.jpg,CG,0.0,0.0,0.0,0.0,0.0,Switzerland,SWIT,0.0,0.0,0.0,0,0,0,0.0,0.0,0.0,0,0,0,24073,124.0,21273.0,Northern Illinois,NIU,Northern Illinois Huskies,0.0,0.0,0.0
46166470,0,Bobby,Crawford Jr.,/player/Bobby-Crawford Jr.-46166470,/Uploads/Assets/398/770/13770398.jpg,PF,0.0,0.0,0.0,0.0,0.0,St. Petersburg,FL,0.0,0.0,0.0,0,0,0,0.0,0.0,0.0,0,0,0,29304,0.0,0.0,Lander,0,Lander Bearcats,0.0,0.0,0.0
46116362,50014192,Jaylen,Cross,/player/Jaylen-Cross-46116362,/Uploads/Assets/645/356/13356645.jpg,SG,91.12048192771084,4.0,208.0,35.0,10.0,Greensboro,NC,24018.0,24.0,21137.0,Wake Forest,WAKE,Wake Forest Demon Deacons,24018.0,24.0,21137.0,Wake Forest,WAKE,Wake Forest Demon Deacons,24018,24.0,21137.0,Wake Forest,WAKE,Wake Forest Demon Deacons,0.0,0.0,0.0
46142160,29127473,Winters,Grady,/player/Winters-Grady-46142160,/Uploads/Assets/553/335/13335553.jpg,SF,89.0,3.0,184.0,28.0,1.0,Napa,CA,24042.0,72.0,21193.0,Michigan,MICH,Michigan Wolverines,24042.0,72.0,21193.0,Michigan,MICH,Michigan Wolverines,24042,72.0,21193.0,Michigan,MICH,Michigan Wolverines,0.0,0.0,0.0
46160571,50007774,Malick,Kordel,/player/Malick-Kordel-46160571,/Uploads/Assets/525/335/13335525.jpg,C,87.0,3.0,303.0,46.0,3.0,Germany,GERM,24042.0,72.0,21193.0,Michigan,MICH,Michigan Wolverines,24042.0,72.0,21193.0,Michigan,MICH,Michigan Wolverines,24042,72.0,21193.0,Michigan,MICH,Michigan Wolverines,0.0,0.0,0.0
46150091,50014512,Christian,Brown,/player/Christian-Brown-46150091,/Uploads/Assets/303/707/13707303.jpg,SF,85.0,3.0,454.0,99.0,13.0,Franklin,TN,24144.0,513.0,21228.0,James Madison,JM,James Madison Dukes,0.0,0.0,0.0,0,0,0,24144,513.0,21228.0,James Madison,JM,James Madison Dukes,0.0,0.0,0.0
46148956,29363072,Elijah,Perryman,/player/Elijah-Perryman-46148956,/Uploads/Assets/165/698/13698165.jpeg,PG,87.0,3.0,303.0,54.0,8.0,Concord,CA,24125.0,435.0,21224.0,Utah State,UTST,Utah State Aggies,24125.0,435.0,21224.0,Utah State,UTST,Utah State Aggies,24125,435.0,21224.0,Utah State,UTST,Utah State Aggies,0.0,0.0,0.0
46135612,50014696,David,Iweze,/player/David-Iweze-46135612,/Uploads/Assets/45/679/13679045.jpeg,C,86.0,3.0,399.0,58.0,14.0,Lewisville,TX,24125.0,435.0,21224.0,Utah State,UTST,Utah State Aggies,24125.0,435.0,21224.0,Utah State,UTST,Utah State Aggies,24125,435.0,21224.0,Utah State,UTST,Utah State Aggies,0.0,0.0,0.0
46136630,50014063,Gavin,Hightower,/player/Gavin-Hightower-46136630,/Uploads/Assets/398/697/13697398.jpeg,PG,85.0,3.0,454.0,73.0,17.0,Chatsworth,CA,24036.0,60.0,21243.0,South Florida,USF,South Florida Bulls,0.0,0.0,0.0,0,0,0,24036,60.0,21243.0,South Florida,USF,South Florida Bulls,0.0,0.0,0.0
46146148,50026279,Nate,Garcia,/player/Nate-Garcia-46146148,/Uploads/Assets/658/721/13721658.jpg,C,85.0,3.0,454.0,66.0,39.0,La Verne,CA,28551.0,2109.0,1654021.0,California Baptist,CBU,California Baptist Lancers,28551.0,2109.0,1654021.0,California Baptist,CBU,California Baptist Lancers,28551,2109.0,1654021.0,California Baptist,CBU,California Baptist Lancers,0.0,0.0,0.0
46166126,50014539,Ruben,Dominguez,/player/Ruben-Dominguez-46166126,/Uploads/Assets/668/697/13697668.jpeg,SG,90.0,4.0,144.0,29.0,9.0,Spain,SPAI,0.0,0.0,0.0,0,0,0,0.0,0.0,0.0,0,0,0,24029,46.0,21211.0,Texas A&M,TAMU,Texas A&M Aggies,0.0,0.0,0.0
46148081,50015456,Damien,King,/player/Damien-King-46148081,/Uploads/Assets/888/769/13769888.jpg,SG,0.0,0.0,0.0,0.0,0.0,Anderson,IN,24206.0,588.0,21332.0,UT Martin,UTM,UT Martin Skyhawks,0.0,0.0,0.0,0,0,0,24206,588.0,21332.0,UT Martin,UTM,UT Martin Skyhawks,0.0,0.0,0.0
46144522,0,Bobby,Montgomery,/player/Bobby-Montgomery-46144522,/Uploads/Assets/369/759/12759369.jpeg,SF,84.0,3.0,440.0,90.0,11.0,Baltimore,MD,24061.0,106.0,21435.0,UTEP,UTEP,UTEP Miners,24061.0,106.0,21435.0,UTEP,UTEP,UTEP Miners,24061,106.0,21435.0,UTEP,UTEP,UTEP Miners,0.0,0.0,0.0
46166462,50014910,Bourgeois,Tshilobo,/player/Bourgeois-Tshilobo-46166462,/Uploads/Assets/850/769/13769850.jpeg,PF,0.0,0.0,0.0,0.0,0.0,Congo,CONG,0.0,0.0,0.0,0,0,0,0.0,0.0,0.0,0,0,0,24134,425.0,21180.0,Weber State,WBST,Weber State Wildcats,0.0,0.0,0.0
46166461,50026826,Cameron,Williams,/player/Cameron-Williams-46166461,/Uploads/Assets/836/769/13769836.jpg,SF,0.0,0.0,0.0,0.0,0.0,Cape Girardeau,MO,0.0,0.0,0.0,0,0,0,0.0,0.0,0.0,0,0,0,24348,646.0,21418.0,Portland,Portland,Portland Pilots,0.0,0.0,0.0
46136635,29419948,D'Andre,Harrison,/player/D'Andre-Harrison-46136635,/Uploads/Assets/799/769/13769799.jpg,PF,86.44444444444444,3.0,364.0,79.0,21.0,Gilbert,AZ,24397.0,1017.0,21278.0,Kansas City,Missouri-Kansas City,Kansas City Roos,0.0,0.0,0.0,0,0,0,24397,1017.0,21278.0,Kansas City,Missouri-Kansas City,Kansas City Roos,0.0,0.0,0.0
46153444,50015060,Trey,Perry,/player/Trey-Perry-46153444,/Uploads/Assets/362/689/13689362.jpeg,PG,0.0,0.0,0.0,0.0,0.0,Middletown,OH,24072.0,122.0,21271.0,Miami (OH),MIAO,Miami (OH) RedHawks,24072.0,122.0,21271.0,Miami (OH),MIAO,Miami (OH) RedHawks,24072,122.0,21271.0,Miami (OH),MIAO,Miami (OH) RedHawks,0.0,0.0,0.0
46160888,50027704,Landen,Joseph,/player/Landen-Joseph-46160888,/Uploads/Assets/229/707/13707229.jpg,PG,0.0,0.0,0.0,0.0,0.0,Fort Lauderdale,FL,24052.0,92.0,21272.0,Marshall,MRSHL,Marshall Thundering Herd,24052.0,92.0,21272.0,Marshall,MRSHL,Marshall Thundering Herd,24052,92.0,21272.0,Marshall,MRSHL,Marshall Thundering Herd,0.0,0.0,0.0
46153070,29595315,Alvin,Jackson III,/player/Alvin-Jackson III-46153070,/Uploads/Assets/775/696/13696775.jpg,SG,88.0,3.0,300.0,1.0,2.0,Salt Lake City,UT,24085.0,145.0,21437.0,Utah,UTAH,Utah Utes,24085.0,145.0,21437.0,Utah,UTAH,Utah Utes,24085,145.0,21437.0,Utah,UTAH,Utah Utes,0.0,0.0,0.0
46158576,29723571,Sidi,Gueye,/player/Sidi-Gueye-46158576,/Uploads/Assets/182/342/13342182.jpg,PF,93.0,4.0,162.0,37.0,19.0,Senegal,SENE,24087.0,147.0,21335.0,Arizona,ARIZ,Arizona Wildcats,24087.0,147.0,21335.0,Arizona,ARIZ,Arizona Wildcats,24087,147.0,21335.0,Arizona,ARIZ,Arizona Wildcats,0.0,0.0,0.0
46166124,50027156,Dimitrije,Kovacevic,/player/Dimitrije-Kovacevic-46166124,/Uploads/Assets/388/697/13697388.jpg,SF,0.0,0.0,0.0,0.0,0.0,Bosnia,BOSN,0.0,0.0,0.0,0,0,0,0.0,0.0,0.0,0,0,0,24018,24.0,21137.0,Wake Forest,WAKE,Wake Forest Demon Deacons,0.0,0.0,0.0
46153100,29595313,Luke,Fennell,/player/Luke-Fennell-46153100,/Uploads/Assets/261/344/13344261.jpg,SG,91.32931726907631,4.0,205.0,33.0,33.0,Australia,AUST,24037.0,62.0,21170.0,Syracuse,SYR,Syracuse Orange,24037.0,62.0,21170.0,Syracuse,SYR,Syracuse Orange,24037,62.0,21170.0,Syracuse,SYR,Syracuse Orange,0.0,0.0,0.0
46151162,50025453,Chance,Gladden,/player/Chance-Gladden-46151162,/Uploads/Assets/600/675/13675600.jpeg,CG,87.0,3.0,303.0,40.0,7.0,Raleigh,NC,24325.0,379.0,21150.0,Boston University,BU,Boston University Terriers,24325.0,379.0,21150.0,Boston University,BU,Boston University Terriers,24325,379.0,21150.0,Boston University,BU,Boston University Terriers,0.0,0.0,0.0
46166394,50026983,Victory,Onuetu,/player/Victory-Onuetu-46166394,/Uploads/Assets/378/755/13755378.jpg,PF,87.0,3.0,303.0,62.0,17.0,Spain,SPAI,0.0,0.0,0.0,0,0,0,0.0,0.0,0.0,0,0,0,24049,86.0,21200.0,Wisconsin,WIS,Wisconsin Badgers,0.0,0.0,0.0
46135337,50027707,Treyvon,Maddox,/player/Treyvon-Maddox-46135337,/Uploads/Assets/130/344/13344130.png,SF,92.25502008032129,4.0,179.0,42.0,24.0,Orlando,FL,24013.0,14.0,21163.0,Miami,MIA,Miami Hurricanes,24013.0,14.0,21163.0,Miami,MIA,Miami Hurricanes,24013,14.0,21163.0,Miami,MIA,Miami Hurricanes,0.0,0.0,0.0
46153667,29616980,Olavi,Suutela,/player/Olavi-Suutela-46153667,/Uploads/Assets/618/360/13360618.jpg,PF,0.0,0.0,0.0,0.0,0.0,Finland,FINL,24091.0,155.0,21339.0,Oregon State,ORST,Oregon State Beavers,24091.0,155.0,21339.0,Oregon State,ORST,Oregon State Beavers,24091,155.0,21339.0,Oregon State,ORST,Oregon State Beavers,0.0,0.0,0.0
46161076,50014381,Drew,Fuquay,/player/Drew-Fuquay-46161076,/Uploads/Assets/240/707/13707240.jpg,PF,0.0,0.0,0.0,0.0,0.0,Canada,CANA,24052.0,92.0,21272.0,Marshall,MRSHL,Marshall Thundering Herd,24052.0,92.0,21272.0,Marshall,MRSHL,Marshall Thundering Herd,24052,92.0,21272.0,Marshall,MRSHL,Marshall Thundering Herd,0.0,0.0,0.0
46144233,29595327,Tyler,Kropp,/player/Tyler-Kropp-46144233,/Uploads/Assets/165/360/13360165.jpg,PF,91.88366397585884,4.0,194.0,44.0,2.0,Powell,OH,24045.0,78.0,21196.0,Northwestern,NWEST,Northwestern Wildcats,24045.0,78.0,21196.0,Northwestern,NWEST,Northwestern Wildcats,24045,78.0,21196.0,Northwestern,NWEST,Northwestern Wildcats,0.0,0.0,0.0
46142440,29130112,Devin,Booker,/player/Devin-Booker-46142440,/Uploads/Assets/899/697/13697899.jpg,SF,87.0,3.0,333.0,65.0,5.0,Philadelphia,PA,24331.0,514.0,21227.0,George Mason,George Mason,George Mason Patriots,24331.0,514.0,21227.0,George Mason,George Mason,George Mason Patriots,24331,514.0,21227.0,George Mason,George Mason,George Mason Patriots,0.0,0.0,0.0
46141102,50014176,Abu,Yarmah,/player/Abu-Yarmah-46141102,/Uploads/Assets/702/340/13340702.jpg,SF,86.0,3.0,372.0,76.0,20.0,Roanoke,VA,24105.0,183.0,21361.0,South Carolina,SCAR,South Carolina Gamecocks,24105.0,183.0,21361.0,South Carolina,SCAR,South Carolina Gamecocks,24105,183.0,21361.0,South Carolina,SCAR,South Carolina Gamecocks,0.0,0.0,0.0
46143751,50014990,Tyler,Wagner,/player/Tyler-Wagner-46143751,/Uploads/Assets/794/708/13708794.jpg,SF,80.0,3.0,508.0,106.0,7.0,Champlin,MN,24198.0,589.0,21325.0,Austin Peay,AP,Austin Peay Governors,24198.0,589.0,21325.0,Austin Peay,AP,Austin Peay Governors,24198,589.0,21325.0,Austin Peay,AP,Austin Peay Governors,0.0,0.0,0.0
46158644,50014387,Jaziah,Harper,/player/Jaziah-Harper-46158644,/Uploads/Assets/39/359/13359039.jpg,SF,84.0,3.0,440.0,90.0,12.0,Crown Point,IN,24012.0,12.0,21133.0,Maryland,MARY,Maryland Terrapins,24012.0,12.0,21133.0,Maryland,MARY,Maryland Terrapins,24012,12.0,21133.0,Maryland,MARY,Maryland Terrapins,0.0,0.0,0.0
46159105,50014482,Vangelis,Zougris,/player/Vangelis-Zougris-46159105,/Uploads/Assets/97/344/13344097.jpg,C,88.0,3.0,241.0,37.0,10.0,Greece,GREE,24033.0,54.0,21238.0,Louisville,LOU,Louisville Cardinals,24033.0,54.0,21238.0,Louisville,LOU,Louisville Cardinals,24033,54.0,21238.0,Louisville,LOU,Louisville Cardinals,0.0,0.0,0.0
46165999,29555643,Cobi,Campbell,/player/Cobi-Campbell-46165999,/Uploads/Assets/165/686/13686165.jpeg,SG,0.0,0.0,0.0,0.0,0.0,Puyallup,WA,0.0,0.0,0.0,0,0,0,0.0,0.0,0.0,0,0,0,24115,199.0,21414.0,Troy,TROY,Troy Trojans,0.0,0.0,0.0
46142798,50015120,Tre,McKinnon,/player/Tre-McKinnon-46142798,/Uploads/Assets/335/662/13662335.jpeg,SG,82.0,3.0,486.0,85.0,30.0,Mooresville,NC,24224.0,477.0,21364.0,Appalachian State,APST,Appalachian State Mountaineers,0.0,0.0,0.0,0,0,0,24224,477.0,21364.0,Appalachian State,APST,Appalachian State Mountaineers,0.0,0.0,0.0
46150066,50015037,Ja'Corey,Robinson,/player/Ja'Corey-Robinson-46150066,/Uploads/Assets/706/687/13687706.jpeg,SF,83.0,3.0,467.0,98.0,6.0,Topeka,KS,24198.0,589.0,21325.0,Austin Peay,AP,Austin Peay Governors,0.0,0.0,0.0,0,0,0,24198,589.0,21325.0,Austin Peay,AP,Austin Peay Governors,0.0,0.0,0.0
46149892,0,Demarris,Winters,/player/Demarris-Winters-46149892,/Uploads/Assets/831/696/13696831.jpg,SG,84.0,3.0,440.0,75.0,9.0,Cleveland,OH,24910.0,652.0,0.0,Texas-Rio Grande Valley,UTRGV,Texas-Rio Grande Valley Vaqueros,0.0,0.0,0.0,0,0,0,24910,652.0,0.0,Texas-Rio Grande Valley,UTRGV,Texas-Rio Grande Valley Vaqueros,0.0,0.0,0.0
46142114,29127107,Jacoby,Hill,/player/Jacoby-Hill-46142114,/Uploads/Assets/307/698/13698307.jpg,CG,85.0,3.0,416.0,44.0,6.0,Phenix City,AL,24201.0,592.0,21409.0,Jacksonville State,JST,Jacksonville State Gamecocks,24201.0,592.0,21409.0,Jacksonville State,JST,Jacksonville State Gamecocks,24201,592.0,21409.0,Jacksonville State,JST,Jacksonville State Gamecocks,0.0,0.0,0.0
46139349,29080922,Eric,Reibe,/player/Eric-Reibe-46139349,/Uploads/Assets/883/343/13343883.jpg,C,93.0,4.0,46.0,9.0,1.0,Germany,GERM,24032.0,52.0,21161.0,UConn,UCONN,UConn Huskies,24032.0,52.0,21161.0,UConn,UCONN,UConn Huskies,24032,52.0,21161.0,UConn,UCONN,UConn Huskies,0.0,0.0,0.0
46142390,29378079,Isaiah,Denis,/player/Isaiah-Denis-46142390,/Uploads/Assets/429/333/13333429.jpg,CG,97.01763576043302,5.0,79.0,12.0,4.0,Davidson,NC,24014.0,16.0,21134.0,North Carolina,UNC,North Carolina Tar Heels,24014.0,16.0,21134.0,North Carolina,UNC,North Carolina Tar Heels,24014,16.0,21134.0,North Carolina,UNC,North Carolina Tar Heels,0.0,0.0,0.0
46142898,29144186,Lance,Carr,/player/Lance-Carr-46142898,/Uploads/Assets/837/697/13697837.jpg,SF,85.33333333333334,3.0,409.0,84.0,41.0,Dallas,TX,24059.0,102.0,21234.0,UAB,UAB,UAB Blazers,24059.0,102.0,21234.0,UAB,UAB,UAB Blazers,24059,102.0,21234.0,UAB,UAB,UAB Blazers,0.0,0.0,0.0
46160077,29762442,Leonardo,Van Elswyk,/player/Leonardo-Van Elswyk-46160077,/Uploads/Assets/829/345/13345829.jpg,C,0.0,0.0,0.0,0.0,0.0,Italy,ITAL,24020.0,28.0,21202.0,Colorado,COL,Colorado Buffaloes,24020.0,28.0,21202.0,Colorado,COL,Colorado Buffaloes,24020,28.0,21202.0,Colorado,COL,Colorado Buffaloes,0.0,0.0,0.0
46166442,50014536,Maximo,Ortega,/player/Maximo-Ortega-46166442,/Uploads/Assets/297/765/13765297.jpg,SG,0.0,0.0,0.0,0.0,0.0,Fort Lauderdale,FL,0.0,0.0,0.0,0,0,0,0.0,0.0,0.0,0,0,0,24232,611.0,21375.0,Wofford,WOFF,Wofford Terriers,0.0,0.0,0.0
46153241,29699372,Cahmai,Crosby,/player/Cahmai-Crosby-46153241,/Uploads/Assets/990/706/13706990.jpg,PG,0.0,0.0,0.0,0.0,0.0,Kansas City,KS,24114.0,197.0,21221.0,North Texas,NTEX,North Texas Mean Green,0.0,0.0,0.0,0,0,0,24114,197.0,21221.0,North Texas,NTEX,North Texas Mean Green,0.0,0.0,0.0
46141951,50014060,Tristian,Ford,/player/Tristian-Ford-46141951,/Uploads/Assets/40/697/13697040.jpg,CG,89.5843373493976,4.0,263.0,28.0,4.0,Chicago,IL,24202.0,584.0,21330.0,Murray State,MRST,Murray State Racers,0.0,0.0,0.0,0,0,0,24202,584.0,21330.0,Murray State,MRST,Murray State Racers,0.0,0.0,0.0
46153646,29616726,JJ,Frakes,/player/JJ-Frakes-46153646,/Uploads/Assets/341/348/13348341.jpg,SG,85.20080321285141,3.0,414.0,71.0,4.0,Berrien Springs,MI,24090.0,153.0,21338.0,Oregon,ORE,Oregon Ducks,0.0,0.0,0.0,0,0,0,24090,153.0,21338.0,Oregon,ORE,Oregon Ducks,0.0,0.0,0.0
46160543,50004339,Tibor,Mirtic,/player/Tibor-Mirtic-46160543,/Uploads/Assets/675/358/13358675.jpg,PF,0.0,0.0,0.0,0.0,0.0,Slovenia,SLOV,24047.0,82.0,21198.0,Penn State,PSU,Penn State Nittany Lions,24047.0,82.0,21198.0,Penn State,PSU,Penn State Nittany Lions,24047,82.0,21198.0,Penn State,PSU,Penn State Nittany Lions,0.0,0.0,0.0
46136524,29008026,Mazi,Mosley,/player/Mazi-Mosley-46136524,/Uploads/Assets/429/340/13340429.jpg,SG,87.0,3.0,303.0,58.0,12.0,Napa,CA,24102.0,177.0,21358.0,LSU,LSU,LSU Tigers,24102.0,177.0,21358.0,LSU,LSU,LSU Tigers,24102,177.0,21358.0,LSU,LSU,LSU Tigers,0.0,0.0,0.0
46136028,50015040,Tyler,Jackson,/player/Tyler-Jackson-46136028,/Uploads/Assets/12/740/13740012.jpg,PG,92.49397590361446,4.0,174.0,18.0,10.0,Castaic,CA,24200.0,590.0,21327.0,Eastern Kentucky,EKY,Eastern Kentucky Colonels,24200.0,590.0,21327.0,Eastern Kentucky,EKY,Eastern Kentucky Colonels,24200,590.0,21327.0,Eastern Kentucky,EKY,Eastern Kentucky Colonels,0.0,0.0,0.0
46151586,50024082,Ty'Reek,Coleman,/player/Ty'Reek-Coleman-46151586,/Uploads/Assets/261/703/13703261.jpeg,CG,88.0,3.0,241.0,31.0,8.0,Aurora,IL,24180.0,554.0,21308.0,Illinois State,ILST,Illinois State Redbirds,0.0,0.0,0.0,0,0,0,24180,554.0,21308.0,Illinois State,ILST,Illinois State Redbirds,0.0,0.0,0.0
46142667,50015532,Leroy,Blyden Jr.,/player/Leroy-Blyden Jr.-46142667,/Uploads/Assets/896/683/13683896.jpeg,PG,92.0,4.0,72.0,15.0,3.0,Detroit,MI,24076.0,129.0,21275.0,Toledo,TOL,Toledo Rockets,24076.0,129.0,21275.0,Toledo,TOL,Toledo Rockets,24076,129.0,21275.0,Toledo,TOL,Toledo Rockets,0.0,0.0,0.0
46160779,50026722,Maximo,Garcia-Plata,/player/Maximo-Garcia-Plata-46160779,/Uploads/Assets/362/698/13698362.jpg,SG,0.0,0.0,0.0,0.0,0.0,Spain,SPAI,24010.0,8.0,21131.0,Florida State,FSU,Florida State Seminoles,0.0,0.0,0.0,0,0,0,24010,8.0,21131.0,Florida State,FSU,Florida State Seminoles,0.0,0.0,0.0
46139456,29081466,Mason,Blackwood,/player/Mason-Blackwood-46139456,/Uploads/Assets/191/344/13344191.jpg,SF,91.97289156626506,4.0,191.0,43.0,7.0,New Hampton,NH,24047.0,82.0,21198.0,Penn State,PSU,Penn State Nittany Lions,24047.0,82.0,21198.0,Penn State,PSU,Penn State Nittany Lions,24047,82.0,21198.0,Penn State,PSU,Penn State Nittany Lions,0.0,0.0,0.0
46165852,50026834,Joel,Foxwell,/player/Joel-Foxwell-46165852,/Uploads/Assets/7/675/13675007.jpeg,PG,91.0,4.0,104.0,20.0,3.0,Australia,AUST,0.0,0.0,0.0,0,0,0,0.0,0.0,0.0,0,0,0,24348,646.0,21418.0,Portland,Portland,Portland Pilots,0.0,0.0,0.0
